"""{0}"" is not available in warehouse ""{1}"". Please select another warehouse.","""{0}"" n'est pas disponible dans l'entrepôt ""{1}"". Veuillez sélectionner un autre entrepôt.",
&lt;strong&gt;Company:&lt;strong&gt;,&lt;strong&gt;Société :&lt;strong&gt;,
&lt;strong&gt;Items Tracked:&lt;strong&gt; {0},&lt;strong&gt;Articles suivis :&lt;strong&gt; {0},
&lt;strong&gt;Last Sync:&lt;strong&gt; Never,&lt;strong&gt;Dernière synchro :&lt;strong&gt; Jamais,
&lt;strong&gt;Last Sync:&lt;strong&gt; {0},&lt;strong&gt;Dernière synchro :&lt;strong&gt; {0},
"&lt;strong&gt;Note:&lt;strong&gt; When enabled, the system will allow sales even when stock quantity is zero or negative. This is useful for handling stock sync delays or backorders. All transactions are tracked in the stock ledger.","&lt;strong&gt;Note :&lt;strong&gt; Lorsque cette option est activée, le système permettra les ventes même lorsque la quantité en stock est nulle ou négative. Cela est utile pour gérer les retards de synchronisation ou les commandes en attente. Toutes les transactions sont suivies dans le journal des stocks.",
&lt;strong&gt;Opened:&lt;/strong&gt; {0},&lt;strong&gt;Ouvert :&lt;/strong&gt; {0},
&lt;strong&gt;Opened:&lt;strong&gt;,&lt;strong&gt;Ouvert :&lt;strong&gt;,
&lt;strong&gt;POS Profile:&lt;/strong&gt; {0},&lt;strong&gt;Profil POS :&lt;/strong&gt; {0},
&lt;strong&gt;POS Profile:&lt;strong&gt; {0},&lt;strong&gt;Profil POS :&lt;strong&gt; {0},
&lt;strong&gt;Status:&lt;strong&gt; Running,&lt;strong&gt;Statut :&lt;strong&gt; En cours,
&lt;strong&gt;Status:&lt;strong&gt; Stopped,&lt;strong&gt;Statut :&lt;strong&gt; Arrêté,
&lt;strong&gt;Warehouse:&lt;strong&gt; {0},&lt;strong&gt;Entrepôt :&lt;strong&gt; {0},
&lt;strong&gt;{0}&lt;/strong&gt; of &lt;strong&gt;{1}&lt;/strong&gt; invoice(s),&lt;strong&gt;{0}&lt;/strong&gt; sur &lt;strong&gt;{1}&lt;/strong&gt; facture(s),
(FREE),(GRATUIT),
(Max Discount: {0}),(Remise max : {0}),
(Min: {0}),(Min : {0}),
+ Add Payment,+ Ajouter un paiement,
+ Create New Customer,+ Créer un nouveau client,
+ Free Item,+ Article gratuit,
+{0} FREE,+{0} GRATUIT,
+{0} more,+{0} de plus,
-- No Campaign --,-- Aucune campagne --,
-- Select --,-- Sélectionner --,
1 item,1 article,
1. Go to &lt;strong&gt;Item Master&lt;strong&gt; → &lt;strong&gt;{0}&lt;strong&gt;,1. Allez dans &lt;strong&gt;Fiche article&lt;strong&gt; → &lt;strong&gt;{0}&lt;strong&gt;,
2. Click &lt;strong&gt;&quot;Make Variants&quot;&lt;strong&gt; button,2. Cliquez sur le bouton &lt;strong&gt;&quot;Créer des variantes&quot;&lt;strong&gt;,
3-Day Avg,Moy. 3 jours,
3. Select attribute combinations,3. Sélectionnez les combinaisons d'attributs,
4. Click &lt;strong&gt;&quot;Create&quot;&lt;strong&gt;,4. Cliquez sur &lt;strong&gt;&quot;Créer&quot;&lt;strong&gt;,
"<span class=""h4""><b>Reports &amp; Configuration</b></span>","<span class=""h4""><b>Rapports &amp; Configuration</b></span>",
"<span class=""h4""><b>Your Shortcuts</b></span>","<span class=""h4""><b>Vos raccourcis</b></span>",
= Global,= Global,
A customer account is required for takeaway orders.,Un compte client est requis pour les commandes à emporter.,
A gift card has been created,Une carte cadeau a été créée,
A payment is already in progress,Un paiement est déjà en cours,
A wallet already exists for customer {0} in company {1},Un portefeuille existe déjà pour le client {0} dans la société {1},
A3,A3,
A4 Landscape,A4 Paysage,
A4 Portrait,A4 Portrait,
API key is required,La clé API est requise,
API secret not configured for this user,Le secret API n'est pas configuré pour cet utilisateur,
APPLIED,APPLIQUÉ,
Accent Color,Couleur d'accent,
Accept customer purchase orders,Accepter les commandes d'achat client,
Access your point of sale system,Accédez à votre système de point de vente,
Account,Compte,
Account (optional),Compte (facultatif),
Account (required),Compte (obligatoire),
Account Head,En-tête de compte,
Accounting,Comptabilité,
Accounts Manager,Gestionnaire des comptes,
Accounts User,Utilisateur des comptes,
Active,Actif,
Active Only,Actifs uniquement,
Active Orders,Commandes actives,
Active Shift Detected,Session active détectée,
Active Warehouse,Entrepôt actif,
Active on this card,Actif sur cette carte,
Actual Amount *,Montant réel *,
Actual Stock,Stock réel,
Add,Ajouter,
Add Area,Ajouter une zone,
Add Category,Ajouter une catégorie,
Add Item,Ajouter un article,
Add Menu,Ajouter un menu,
Add Note / Modifier,Ajouter une note / modificateur,
Add Option,Ajouter une option,
Add Payment,Ajouter un paiement,
Add Station,Ajouter un poste,
Add Step,Ajouter une étape,
Add Table,Ajouter une table,
Add another...,Ajouter un autre...,
Add items from the menu,Ajouter des articles depuis le menu,
Add items to the cart before applying an offer.,Ajoutez des articles au panier avant d'appliquer une offre.,
Add items to your cart to see eligible offers,Ajoutez des articles à votre panier pour voir les offres éligibles,
Add slot,Ajouter un créneau,
Add to Cart,Ajouter au panier,
Add to Customer Credit Balance,Ajouter au solde crédit client,
Add to cart,Ajouter au panier,
Add {0} more to unlock,Ajoutez {0} de plus pour débloquer,
Add/Edit Coupon Conditions,Ajouter/modifier les conditions du coupon,
Added to Customer Credit,Ajouté au crédit client,
Addition Order,Commande supplémentaire,
Additional Discount,Remise supplémentaire,
Address,Adresse,
Adjust return quantities before submitting.\n\n{0},Ajustez les quantités de retour avant de soumettre.\n\n{0},
Administrator,Administrateur,
Advanced,Avancé,
Advanced Settings,Paramètres avancés,
After returns,Après retours,
Against: {0},Contre : {0},
All,Tout,
All ({0}),Tous ({0}),
All Areas,Toutes les zones,
All Brands,Toutes les marques,
All Items,Tous les articles,
All Status,Tous les statuts,
All Statuses,Tous les statuts,
All Territories,Tous les territoires,
All Types,Tous les types,
All cached data has been cleared successfully,Toutes les données en cache ont été effacées avec succès,
All cards,Toutes les cartes,
All draft invoices deleted,Tous les brouillons de factures supprimés,
All invoices are either fully paid or unpaid,"Toutes les factures sont soit entièrement payées, soit impayées",
All invoices are fully paid,Toutes les factures sont entièrement payées,
All items are either being prepared or have been delivered.,Tous les articles sont en préparation ou ont été livrés.,
All items from this invoice have already been returned,Tous les articles de cette facture ont déjà été retournés,
All items in these groups will be routed to this station (unless individually assigned to another).,Tous les articles de ces groupes seront dirigés vers ce poste (sauf ceux assignés individuellement à un autre).,
All items loaded,Tous les articles chargés,
All items removed from cart,Tous les articles ont été retirés du panier,
All sales persons selected,Tous les vendeurs sélectionnés,
All servers,Tous les serveurs,
All stock operations will use this warehouse. Stock quantities will refresh after saving.,Toutes les opérations de stock utiliseront cet entrepôt. Les quantités en stock seront actualisées après l'enregistrement.,
All tables,Toutes les tables,
Allergen,Allergène,
Allergens & Badges,Allergènes & badges,
"Allergies, birthday, high chair...","Allergies, anniversaire, chaise haute...",
Allow Account Creation,Autoriser la création de compte,
Allow Additional Discount,Autoriser la remise supplémentaire,
Allow Change Posting Date,Autoriser le changement de date de comptabilisation,
Allow Create Sales Order,Autoriser la création de commande client,
Allow Credit Sale,Autoriser la vente à crédit,
Allow Customer Credit Payment,Autoriser le paiement à crédit client,
Allow Customer Purchase Order,Autoriser les commandes d'achat client,
Allow Delete Offline Invoice,Autoriser la suppression de facture hors ligne,
Allow Duplicate Customer Names,Autoriser les noms de clients en double,
Allow Edit,Autoriser la modification,
Allow Free Batch Return,Autoriser le retour de lot libre,
Allow Item Discount,Autoriser la remise sur article,
Allow Negative Stock,Autoriser le stock négatif,
Allow Partial Payment,Autoriser le paiement partiel,
Allow Print Draft Invoices,Autoriser l'impression de factures brouillon,
Allow Print Last Invoice,Autoriser l'impression de la dernière facture,
Allow Return,Autoriser les retours,
Allow Return Without Invoice,Autoriser le retour sans facture,
Allow Select Sales Order,Autoriser la sélection de commande client,
Allow Submissions in Background Job,Autoriser les soumissions en tâche de fond,
Allow User To Edit Rate,Autoriser la modification du prix,
Allow Write Off Change,Autoriser la passation en perte de la monnaie,
Allow customers to buy on credit (negative balance/debt),Autoriser les clients à acheter à crédit (solde négatif/dette),
Allow customers to create an account from the display screen,Autoriser les clients à créer un compte depuis l'écran d'affichage,
Allow customers to order online for pickup via /pos/order,Permettre aux clients de commander en ligne pour retrait via /pos/order,
Allow customers to scan a QR code on the table to order and pay from their phone,Permettre aux clients de scanner un QR code sur la table pour commander et payer depuis leur téléphone,
Allow customers to use their positive credit balance (from returns/overpayments) as payment,Autoriser les clients à utiliser leur solde créditeur positif (provenant de retours/trop-perçus) comme moyen de paiement,
Allow editing item rate in cart. Disabled when offers are applied.,Autoriser la modification du prix dans le panier. Désactivé lorsque des offres sont appliquées.,
Allow user to edit item rate in cart. Rate editing is automatically disabled when promotional offers are applied to an item.,Autoriser l'utilisateur à modifier le prix de l'article dans le panier. La modification du prix est automatiquement désactivée lorsque des offres promotionnelles sont appliquées à un article.,
Allowed Languages,Langues autorisées,
Already paid,Déjà payé,
Already paid (guest),Déjà payé (invité),
Always available,Toujours disponible,
Always use this workflow for,Toujours utiliser ce workflow pour,
"Always visible in POS, regardless of time slots","Toujours visible dans le POS, indépendamment des créneaux horaires",
Amended From,Modifié depuis,
Amount,Montant,
Amount Details,Détails du montant,
Amount in {0},Montant en {0},
Amount must be greater than zero,Le montant doit être supérieur à zéro,
Amount to Credit:,Montant à créditer :,
Amount to pay,Montant à payer,
Amount to take out,Montant à retirer,
Amount withdrawn from the cash register at closing,Montant retiré de la caisse à la clôture,
Amount:,Montant :,
An error occurred,Une erreur s'est produite,
An error occurred. Please try again.,Une erreur est survenue. Veuillez réessayer.,
An item with code '{0}' already exists,Un article avec le code « {0} » existe déjà,
An unexpected error occurred,Une erreur inattendue s'est produite,
An unexpected error occurred.,Une erreur inattendue s'est produite.,
Anonymous,Anonyme,
Applicable Item Groups,Groupes d'articles applicables,
Applicable Items,Articles applicables,
Applicable Products,Produits applicables,
Applied,Appliqué,
Applies to,S'applique à,
Applies to item groups,S'applique aux groupes d'articles,
Apply,Appliquer,
Apply Discount On,Appliquer la remise sur,
Apply For,Appliquer pour,
Apply On,Appliquer sur,
Apply On is required,"Le champ ""Appliquer sur"" est requis",
Apply Referral Code Failed,Échec de l'application du code de parrainage,
Apply Rule On Brand,Appliquer la règle sur la marque,
Apply Rule On Item Code,Appliquer la règle sur le code article,
Apply Rule On Item Group,Appliquer la règle sur le groupe d'articles,
Apply Type,Type d'application,
Apply coupon code,Appliquer le code coupon,
Apply this option group to all items in these groups,Appliquer ce groupe d'options à tous les articles de ces groupes,
Are you sure you want to delete &lt;strong&gt;&quot;{0}&quot;&lt;strong&gt;?,Êtes-vous sûr de vouloir supprimer &lt;strong&gt;&quot;{0}&quot;&lt;strong&gt; ?,
Are you sure you want to delete this area?,Êtes-vous sûr de vouloir supprimer cette zone ?,
Are you sure you want to delete this offline invoice?,Êtes-vous sûr de vouloir supprimer cette facture hors ligne ?,
Are you sure you want to delete this table?,Êtes-vous sûr de vouloir supprimer cette table ?,
Are you sure you want to sign out of Neopos?,Êtes-vous sûr de vouloir vous déconnecter de Neopos ?,
Area,Zone,
Area Name,Nom de la zone,
Area created,Zone créée,
Area deleted,Zone supprimée,
Area not found,Zone introuvable,
Area renamed,Zone renommée,
At least one payment is required,Au moins un paiement est requis,
At least one payment method is required,Au moins un mode de paiement est requis,
At least one step is required in a workflow.,Au moins une étape est requise dans un workflow.,
At least {0} eligible items required,Au moins {0} articles éligibles requis,
Authentication required,Authentification requise,
Auto,Auto,
Auto Apply,Application automatique,
Auto Create Wallet,Création automatique du portefeuille,
Auto Fetch Coupon Gifts,Récupération automatique des cadeaux coupon,
Auto Set Delivery Charges,Frais de livraison automatiques,
Auto-Add ON - Type or scan barcode,Ajout auto ACTIVÉ - Tapez ou scannez un code-barres,
Auto-Add: OFF - Click to enable automatic cart addition on Enter,Ajout auto : DÉSACTIVÉ - Cliquez pour activer l'ajout automatique au panier avec Entrée,
Auto-Add: ON - Press Enter to add items to cart,Ajout auto : ACTIVÉ - Appuyez sur Entrée pour ajouter des articles au panier,
Auto-Sync:,Synchro auto :,
Auto-created when tips are enabled,Créé automatiquement lorsque les pourboires sont activés,
Auto-detect tip from overpayment,Détection automatique du pourboire sur trop-perçu,
Auto-generated Pricing Rule for discount application,Règle de tarification générée automatiquement pour l'application de la remise,
Auto-generated from name,Généré automatiquement à partir du nom,
Auto-generated if empty,Auto-généré si vide,
Automatically apply eligible coupons,Appliquer automatiquement les coupons éligibles,
Automatically calculate delivery fee,Calculer automatiquement les frais de livraison,
Automatically convert earned loyalty points to wallet balance. Uses Conversion Factor from Loyalty Program (always enabled when loyalty program is active),Convertir automatiquement les points de fidélité acquis en solde de portefeuille. Utilise le facteur de conversion du programme de fidélité (toujours actif quand le programme de fidélité est activé),
Automatically create wallet for new customers (always enabled when loyalty program is active),Créer automatiquement un portefeuille pour les nouveaux clients (toujours actif quand le programme de fidélité est activé),
Automatically detect tips when customers pay more than the invoice total,Détecter automatiquement les pourboires lorsque les clients paient plus que le montant de la facture,
"Automatically set taxes as included in item prices. When enabled, displayed prices include tax amounts.","Configurer automatiquement les taxes comme incluses dans les prix des articles. Lorsque activé, les prix affichés incluent les montants de taxe.",
Availability,Disponibilité,
Available,Disponible,
Available Balance,Solde disponible,
Available From,Disponible à partir de,
Available Gift Cards ({0}),Cartes cadeaux disponibles ({0}),
Available Offers,Offres disponibles,
Available To,Disponible jusqu'à,
Avg Efficiency,Efficacité moy.,
Avg Efficiency %,Efficacité moy. %,
Avg Invoice Value,Valeur moy. facture,
Avg Rate,Taux moyen,
Avg Sales/Shift,Ventes moy./service,
Avg Ticket,Ticket moyen,
BALANCE DUE:,SOLDE DÛ :,
Back,Retour,
Back to Neoffice,Retour à Neoffice,
Back to POS,Retour au POS,
Background,Arrière-plan,
Background Stock Sync,Synchronisation du stock en arrière-plan,
Background image uploaded,Image de fond téléchargée,
Badge,Badge,
Badge Name,Nom du badge,
Badge Type,Type de badge,
Badges & Allergens,Badges & allergènes,
Badges saved,Badges enregistrés,
Balance,Solde,
Balance Information,Informations sur le solde,
Balance available for redemption (after pending transactions),Solde disponible pour utilisation (après les transactions en cours),
Bar,Bar,
Barcode,Code-barres,
Barcode Rule,Règle de code-barres,
Barcode Rules,Règles de codes-barres,
Barcode Scanner: OFF (Click to enable),Scanner de codes-barres : DÉSACTIVÉ (Cliquez pour activer),
Barcode Scanner: ON (Click to disable),Scanner de codes-barres : ACTIVÉ (Cliquez pour désactiver),
Barcode scanning works for cached items,La lecture de code-barres fonctionne pour les articles en cache,
Basic Information,Informations de base,
Body,Corps,
Body Font,Police du corps de texte,
Book Now,Réserver maintenant,
Book a Table,Réserver une table,
Both invoice and data parameters are missing,Les paramètres facture et données sont tous deux manquants,
Brand,Marque,
Brands,Marques,
Buying Rate,Prix d'achat,
By Channel,Par canal,
By Station,Par poste,
By Status,Par statut,
By Table,Par table,
Cache,Cache,
Cache empty,Cache vide,
Cache ready,Cache prêt,
Cache syncing,Synchronisation du cache,
Calculating totals and reconciliation...,Calcul des totaux et rapprochement...,
Campaign,Campagne,
"Can not filter based on Cashier, if grouped by Cashier",Impossible de filtrer par caissier si le regroupement est par caissier,
"Can not filter based on Customer, if grouped by Customer",Impossible de filtrer par client si le regroupement est par client,
"Can not filter based on POS Profile, if grouped by POS Profile",Impossible de filtrer par profil de caisse si le regroupement est par profil de caisse,
"Can not filter based on Payment Method, if grouped by Payment Method",Impossible de filtrer par moyen de paiement si le regroupement est par moyen de paiement,
Cancel,Annuler,
Cancelled,Annulé,
Cancelled Wallet Transaction {0} due to return,Transaction portefeuille {0} annulée suite au retour,
Cancelled {0} credit redemption journal entries,Annulé {0} écritures comptables de remboursement de crédit,
Cancelling payment...,Annulation du paiement...,
Cannot add more non-cash payments. Use cash for overpayment.,Impossible d'ajouter d'autres paiements non-espèces. Utilisez les espèces pour le surplus.,
Cannot add payment to cancelled invoice,Impossible d'ajouter un paiement à une facture annulée,
Cannot change status from {0} to {1},Impossible de changer le statut de {0} à {1},
Cannot clear cache while offline,Impossible de vider le cache hors ligne,
Cannot create a reservation in the past,Impossible de créer une réservation dans le passé,
Cannot create return against a return invoice,Impossible de créer un retour sur une facture de retour,
Cannot delete an occupied table. Clear the order first.,Impossible de supprimer une table occupée. Videz d'abord la commande.,
Cannot delete area with {0} tables assigned,Impossible de supprimer une zone avec {0} tables assignées,
Cannot delete coupon {0} as it has been used {1} times,Impossible de supprimer le coupon {0} car il a été utilisé {1} fois,
Cannot delete submitted invoice {0},Impossible de supprimer la facture soumise {0},
Cannot process return for this invoice,Impossible de traiter le retour pour cette facture,
Cannot remove last serial,Impossible de retirer le dernier numéro de série,
Cannot save an empty cart as draft,Impossible d'enregistrer un panier vide comme brouillon,
Cannot sync while offline,Impossible de synchroniser hors ligne,
Cannot verify password offline. No cached credentials available.,Impossible de vérifier le mot de passe hors ligne. Aucune information d'identification en cache disponible.,
Capacity,Capacité,
Card,Carte,
Card Balance,Solde de la carte,
Card Items,Articles de la carte,
Card Name,Nom de la carte,
Card Price,Prix carte,
Card active,Carte activée,
Card created,Carte créée,
Card deleted,Carte supprimée,
Card duplicated,Carte dupliquée,
Card inactive,Carte désactivée,
Card name,Nom de la carte,
Card renamed,Carte renommée,
Card saved,Carte enregistrée,
Cards,Cartes,
Cards to Include,Cartes à inclure,
Cart,Panier,
Cart Items,Articles du panier,
Cart does not contain eligible items for this offer,Le panier ne contient pas d'articles éligibles pour cette offre,
Cart does not contain items from eligible brands,Le panier ne contient pas d'articles de marques éligibles,
Cart does not contain items from eligible groups,Le panier ne contient pas d'articles de groupes éligibles,
Cart is empty,Le panier est vide,
Cart subtotal BEFORE tax - used for discount calculations,Sous-total du panier AVANT taxes - utilisé pour le calcul des remises,
Cart subtotal BEFORE tax - used for regular coupon discount calculations,Sous-total du panier AVANT taxes - utilisé pour les calculs de remise coupon standard,
Cash,Espèces,
Cash Counted,Espèces comptées,
Cash In,Entrée de caisse,
Cash In/Out,Entrées/Sorties de caisse,
Cash Management,Gestion des espèces,
Cash Out,Sortie de caisse,
Cash Over,Excédent de caisse,
Cash Refund,Remboursement en espèces,
Cash Refund:,Remboursement en espèces :,
Cash Short,Déficit de caisse,
Cash Withdrawal,Retrait d'espèces,
Cash Withdrawal Amount,Montant du retrait en espèces,
Cash Withdrawn,Espèces retirées,
Cashier,Caissier,
Cashier Name,Nom du caissier,
Cashier Performance Report,Rapport de performance des caissiers,
Category,Catégorie,
Category Name,Nom de la catégorie,
Certificate already exists. You can download it below.,Le certificat existe déjà. Vous pouvez le télécharger ci-dessous.,
Certificate generated successfully.,Certificat généré avec succès.,
Certificate is installed and signing is active. Print jobs will be sent silently without confirmation dialogs.,Le certificat est installé et la signature est active. Les impressions seront envoyées silencieusement sans boîte de dialogue.,
"Certificate is not installed on this machine. Generate a certificate, download it, and import it into QZ Tray.","Le certificat n'est pas installé sur cette machine. Générez un certificat, téléchargez-le et importez-le dans QZ Tray.",
Certificate not found. Generate it first.,Certificat introuvable. Générez-le d'abord.,
Change API Key,Changer la clé API,
Change Due,Monnaie à rendre,
Change Profile,Changer de profil,
Change sales person,Changer de vendeur,
Change:,Monnaie :,
Changes the price list in ERPNext,Modifie la liste de prix dans ERPNext,
Channel,Canal,
Chart View,Vue graphique,
Check Availability in All Wherehouses,Vérifier la disponibilité dans tous les entrepôts,
Check availability in other warehouses,Vérifier la disponibilité dans d'autres entrepôts,
Check your spam folder if you don't see the email.,Vérifiez votre dossier spam si vous ne voyez pas l'e-mail.,
Check-in,Enregistrement,
Checking Stock...,Vérification du stock...,
Checking warehouse availability...,Vérification de la disponibilité en entrepôt...,
Checking...,Vérification...,
Checkout,Paiement,
Choose a POS profile...,Choisir un profil POS...,
"Choose a coupon from the list to view and edit, or create a new one to get started","Choisissez un coupon dans la liste pour le voir et le modifier, ou créez-en un nouveau pour commencer",
"Choose a promotion from the list to view and edit, or create a new one to get started","Choisissez une promotion dans la liste pour la voir et la modifier, ou créez-en une nouvelle pour commencer",
Choose a table to begin the order,Choisissez une table pour commencer la commande,
Choose a variant of this item:,Choisissez une variante de cet article :,
City,Ville,
Cleaning,Nettoyage,
Clear,Effacer,
Clear & Switch,Vider et changer,
Clear All,Tout effacer,
Clear All Drafts?,Effacer tous les brouillons ?,
Clear Cache,Vider le cache,
Clear Cache?,Vider le cache ?,
Clear Cart?,Vider le panier ?,
Clear all,Tout effacer,
Clear all cached data,Effacer toutes les données en cache,
Clear all items,Supprimer tous les articles,
Clear all payments,Supprimer tous les paiements,
Clear color,Effacer la couleur,
Clear search,Effacer la recherche,
Clear selection,Effacer la sélection,
Clearing Cache...,Vidage du cache...,
Click here to confirm,Cliquez ici pour confirmer,
Click to change unit,Cliquez pour changer d'unité,
Click to disable restaurant mode,Cliquez pour désactiver le mode restaurant,
Click to enable restaurant mode,Cliquez pour activer le mode restaurant,
Close,Fermer,
Close & Open New,Fermer et ouvrir nouveau,
Close (shows again next session),Fermer (réapparaît à la prochaine session),
Close POS Shift,Fermer la session POS,
Close Shift,Fermer la session,
Close Shift & Sign Out,Fermer la session et se déconnecter,
Close current shift,Fermer la session actuelle,
Close your shift first to save all transactions properly,Fermez d'abord votre session pour enregistrer toutes les transactions correctement,
Closed,Fermé,
Closing,Clôture,
Closing Amount,Montant de clôture,
Closing Shift...,Fermeture de la session...,
Closing Withdrawal Template,Modèle de retrait à la clôture,
Code,Code,
Code copied to clipboard,Code copié dans le presse-papiers,
Code is case-insensitive,Le code n'est pas sensible à la casse,
Collected,Collecté,
Color,Couleur,
Colors,Couleurs,
Columns,Colonnes,
Coming Next,À suivre,
Company,Société,
Company is required,La société est requise,
Company name,Nom de l'entreprise,
Company not set in POS Profile {0},Société non définie dans le profil POS {0},
Complete Payment,Finaliser le paiement,
Complete Sales Order,Finaliser le bon de commande,
Completed,Terminé,
Configuration,Configuration,
Configure opening hours and card availability,Configurer les horaires d'ouverture et la disponibilité des cartes,
"Configure pricing, discounts, and sales operations","Configurer les prix, les remises et les opérations de vente",
Configure schedule in Settings,Configurer les horaires dans les Paramètres,
Configure warehouse and inventory settings,Configurer les paramètres d'entrepôt et de stock,
Confirm,Confirmer,
Confirm Partial Payment,Confirmer le paiement partiel,
Confirm Sign Out,Confirmer la déconnexion,
Confirm your reservation - {0},Confirmez votre réservation - {0},
Confirmed,Confirmé,
Connect,Connecter,
Connect to the internet to load invoices,Connectez-vous à Internet pour charger les factures,
Connected,Connecté,
Connecting to QZ Tray...,Connexion à QZ Tray...,
Connecting...,Connexion...,
Connection Error,Erreur de connexion,
Continue,Continuer,
Convert Loyalty Points to Wallet,Convertir les points de fidélité en portefeuille,
Convert to tip,Convertir en pourboire,
Copy Code,Copier le code,
Copy to clipboard,Copier dans le presse-papiers,
Cost Center,Centre de coûts,
Could not create wallet for customer {0},Impossible de créer un portefeuille pour le client {0},
Could not determine cash account for {0},Impossible de déterminer le compte d'espèces pour {0},
Could not determine payment account for {0}. Please specify payment_account parameter.,Impossible de déterminer le compte de paiement pour {0}. Veuillez spécifier le paramètre payment_account.,
Could not find parent account 2210 or 220. Please set the tip account manually.,Impossible de trouver le compte parent 2210 ou 220. Veuillez définir le compte de pourboire manuellement.,
Could not parse '{0}' as JSON: {1},Impossible d'analyser '{0}' en JSON : {1},
Could not verify password. Please try again.,Impossible de vérifier le mot de passe. Veuillez réessayer.,
Count & enter,Compter et entrer,
Country,Pays,
Coupon,Coupon,
Coupon Applied Successfully!,Coupon appliqué avec succès !,
Coupon Based,Basé sur un coupon,
Coupon Code,Code coupon,
Coupon Code Based,Basé sur un code coupon,
Coupon Description,Description du coupon,
Coupon Details,Détails du coupon,
Coupon Name,Nom du coupon,
Coupon Status & Info,Statut et info du coupon,
Coupon Type,Type de coupon,
Coupon Valid Days,Jours de validité du coupon,
Coupon created successfully,Coupon créé avec succès,
Coupon deleted successfully,Coupon supprimé avec succès,
Coupon name is required,Le nom du coupon est requis,
Coupon status updated successfully,Statut du coupon mis à jour avec succès,
Coupon type is required,Le type de coupon est requis,
Coupon updated successfully,Coupon mis à jour avec succès,
Coupon {0} created successfully,Coupon {0} créé avec succès,
Coupon {0} has no linked Pricing Rule,Le coupon {0} n'a pas de règle de prix associée,
Coupon {0} not found,Coupon {0} non trouvé,
Coupon {0} updated successfully,Coupon {0} mis à jour avec succès,
Coupon {0} {1},Coupon {0} {1},
Coupons,Coupons,
Course Name,Nom du plat,
Courses,Plats,
Cover page with logo,Page de couverture avec logo,
Create,Créer,
Create '{0}',Créer '{0}',
Create Account,Créer un compte,
Create Customer,Créer un client,
Create Gift Card,Créer une carte cadeau,
Create Item,Créer un article,
Create New Coupon,Créer un nouveau coupon,
Create New Customer,Créer un nouveau client,
Create New Item,Créer un nouvel article,
Create New Promotion,Créer une nouvelle promotion,
Create Only Sales Order,Créer uniquement une commande client,
Create Return,Créer un retour,
Create Return Invoice,Créer une facture de retour,
Create an account,Créer un compte,
Create an account for next time,Créer un compte pour la prochaine fois,
Create an account to earn loyalty points,Créer un compte pour gagner des points de fidélité,
Create new customer,Créer un nouveau client,
Create new customer: {0},Créer un nouveau client : {0},
Create new item,Créer un nouvel article,
Create permission required,Permission de création requise,
Create your first customer to get started,Créez votre premier client pour commencer,
Created By,Créé par,
Created On,Créé le,
Created tip item: TIP,Article pourboire créé : TIP,
Created tip transit account: {0},Compte de transit pourboire créé : {0},
Created wallet debit of {0} for partial return {1},Débit portefeuille de {0} créé pour le retour partiel {1},
Credit,Crédit,
Credit Adjustment:,Ajustement de crédit :,
Credit Balance,Solde créditeur,
Credit Sale,Vente à crédit,
Credit Sale Return,Retour de vente à crédit,
Credit source invoice {0} not found or not submitted,Facture source de crédit {0} introuvable ou non soumise,
Credit source {0} does not belong to company {1},La source de crédit {0} n'appartient pas à l'entreprise {1},
Credit source {0} does not belong to customer {1},La source de crédit {0} n'appartient pas au client {1},
Credited {0} to customer wallet for return {1},{0} crédité au portefeuille client pour le retour {1},
Current Balance,Solde actuel,
Current Discount:,Remise actuelle :,
Current Status,Statut actuel,
Current Stock,Stock actuel,
Current available balance on this gift card,Solde actuellement disponible sur cette carte cadeau,
Custom,Personnalisé,
Custom CSS,CSS personnalisé,
Customer,Client,
Customer Credit:,Crédit client :,
Customer Display,Affichage client,
Customer Error,Erreur client,
Customer Group,Groupe de clients,
Customer Name,Nom du client,
Customer Name is required,Le nom du client est requis,
Customer Settings,Paramètres client,
Customer created from display:,Client créé depuis l'affichage :,
Customer is required,Le client est requis,
Customer name is required,Le nom du client est requis,
Customer {0} created successfully,Client {0} créé avec succès,
Customer {0} not found.,Client {0} introuvable.,
Customer {0} selected,Client {0} sélectionné,
Customer {0} updated successfully,Client {0} mis à jour avec succès,
Customer:,Client :,
Customer: {0},Client : {0},
Customers,Clients,
Daily Sales,Ventes quotidiennes,
Data is ready for offline use,Les données sont prêtes pour une utilisation hors ligne,
Date,Date,
Date & Time,Date et heure,
Date:,Date :,
Day,Jour,
Days,Jours,
Days Since Purchase,Jours depuis l'achat,
Days to Stockout,Jours avant rupture,
"Dear {0},

Please find attached your invoice {1} for {2} {3}.

Thank you for your business.","Cher/Chère {0},

Veuillez trouver ci-joint votre facture {1} d'un montant de {2} {3}.

Merci pour votre confiance.",
Debit,Débit,
Decimal Precision,Précision décimale,
Decrease quantity,Diminuer la quantité,
Default,Par défaut,
Default Card View,Vue carte par défaut,
Default Loyalty Program,Programme de fidélité par défaut,
Default Reservation Duration,Durée de réservation par défaut,
Default Restaurant Area,Zone de restaurant par défaut,
Default Restaurant Mode,Mode restaurant par défaut,
Default workflow updated,Workflow par défaut mis à jour,
"Define the preparation steps in order. The last step represents 'ready for pickup'. After that, items are marked as 'Delivered' by the runner or KDS operator.","Définissez les étapes de préparation dans l'ordre. La dernière étape représente 'prêt à servir'. Ensuite, les articles sont marqués comme 'Livrés' par le serveur ou l'opérateur KDS.",
Define when the restaurant is open. Each day can have multiple time slots (e.g. lunch and dinner).,Définissez les horaires d'ouverture du restaurant. Chaque jour peut avoir plusieurs créneaux (ex. déjeuner et dîner).,
Delete,Supprimer,
"Delete ""{0}""?","Supprimer ""{0}"" ?",
Delete Area,Supprimer la zone,
Delete Coupon,Supprimer le coupon,
Delete Draft?,Supprimer le brouillon ?,
Delete Invoice,Supprimer la facture,
Delete Offline Invoice,Supprimer la facture hors ligne,
Delete Promotion,Supprimer la promotion,
Delete area,Supprimer la zone,
Delete draft,Supprimer le brouillon,
Delete offline saved invoices,Supprimer les factures sauvegardées hors ligne,
Delete this station,Supprimer ce poste,
Delete this table,Supprimer cette table,
Deliver,Livrer,
Delivered,Livré,
Delivery,Livraison,
Delivery Date,Date de livraison,
Depletion Rate/Day,Taux d'épuisement/jour,
Description,Description,
Descriptions,Descriptions,
Deselect All,Désélectionner tout,
Designer & PDF,Designer & PDF,
Details,Détails,
Dietary,Régime alimentaire,
Difference,Différence,
Direct to Kitchen,Directement en cuisine,
Direction,Direction,
Disable,Désactiver,
Disable Item,Désactiver l'article,
Disable Rounded Total,Désactiver le total arrondi,
Disable auto-add,Désactiver l'ajout auto,
Disable barcode scanner,Désactiver le scanner de codes-barres,
Disable restaurant mode,Désactiver le mode restaurant,
Disable this item on every card.,Désactiver cet article sur toutes les cartes.,
Disabled,Désactivé,
Disabled Only,Désactivés uniquement,
Disabled on this card,Désactivé sur cette carte,
Disabled: No sales person selection. Single: Select one sales person (100%). Multiple: Select multiple with allocation percentages.,Désactivé : pas de sélection de vendeur. Simple : sélectionner un vendeur (100%). Multiple : sélectionner plusieurs avec des pourcentages de répartition.,
Disc %,Rem. %,
Disconnect,Déconnecter,
Disconnected,Déconnecté,
Discount,Remise,
Discount %,Remise %,
Discount (%),Remise (%),
Discount Amount,Montant de la remise,
Discount Amount is required,Le montant de la remise est requis,
Discount Amount must be greater than 0,Le montant de la remise doit être supérieur à 0,
Discount Applied,Remise appliquée,
Discount Configuration,Configuration de la remise,
Discount Details,Détails de la remise,
Discount Percentage,Pourcentage de remise,
Discount Percentage (%),Pourcentage de remise (%),
Discount Percentage is required,Le pourcentage de remise est requis,
Discount Percentage must be between 0 and 100,Le pourcentage de remise doit être entre 0 et 100,
Discount Rule,Règle de remise,
Discount Type,Type de remise,
Discount Type is required,Le type de remise est requis,
Discount amount is required when discount type is Amount,Le montant de la remise est requis lorsque le type de remise est Montant,
Discount amount must be greater than 0,Le montant de la remise doit être supérieur à 0,
Discount has been removed,La remise a été supprimée,
Discount has been removed from cart,La remise a été supprimée du panier,
Discount percentage is required when discount type is Percentage,Le pourcentage de remise est requis lorsque le type de remise est Pourcentage,
Discount percentage must be between 0 and 100,Le pourcentage de remise doit être entre 0 et 100,
Discount settings changed. Cart recalculated.,Paramètres de remise modifiés. Panier recalculé.,
Discount type is required,Le type de remise est requis,
Discount:,Remise :,
Discounts,Remises,
Discounts Given,Remises accordées,
Dismiss,Fermer,
Display,Affichage,
Display Color,Couleur d'affichage,
Display Discount %,Afficher la remise %,
Display Discount Amount,Afficher le montant de la remise,
Display Item Code,Afficher le code article,
Display Options,Options d'affichage,
Display Settings,Paramètres d'affichage,
Display customer balance on screen,Afficher le solde client à l'écran,
Distributed,Distribué,
Distributed To,Distribué à,
Distribution,Distribution,
Distribution Date,Date de distribution,
Do you want to select this customer for the current sale?,Voulez-vous sélectionner ce client pour la vente en cours ?,
"Don't create invoices, only orders","Ne pas créer de factures, seulement des commandes",
Done,Terminé,
Door,Porte,
Download Certificate,Télécharger le certificat,
Download receipt,Télécharger le reçu,
"Download the certificate and import it into QZ Tray, then restart QZ Tray.","Téléchargez le certificat et importez-le dans QZ Tray, puis redémarrez QZ Tray.",
Draft,Brouillon,
Draft Invoices,Brouillons de factures,
Draft deleted successfully,Brouillon supprimé avec succès,
Draft invoice deleted,Brouillon de facture supprimé,
Draft invoice loaded successfully,Brouillon de facture chargé avec succès,
Drafts,Brouillons,
Draw,Dessiner,
Duplicate,Dupliquer,
Duplicate Entry,Entrée en double,
Duration,Durée,
ENTER-CODE-HERE,ENTRER-CODE-ICI,
ERPNext Coupon Code,Code coupon ERPNext,
ERPNext Integration,Intégration ERPNext,
Edit,Modifier,
Edit Customer,Modifier le client,
Edit Invoice,Modifier la facture,
Edit Item,Modifier l'article,
Edit Item Details,Modifier les détails de l'article,
Edit Promotion,Modifier la promotion,
Edit Reservation,Modifier la réservation,
Edit Station,Modifier le poste,
Edit Table,Modifier la table,
Edit customer details,Modifier les détails du client,
Edit schedule,Modifier les horaires,
Edit serials,Modifier les numéros de série,
Edit station,Modifier le poste,
Edit table,Modifier la table,
Efficiency,Efficacité,
Efficiency %,Efficacité %,
Either item_code or item_codes must be provided,item_code ou item_codes doit être fourni,
Email,Email,
Email ID,Adresse e-mail,
Email Invoice,Envoyer la facture par e-mail,
Email message,Message e-mail,
Email sent successfully to {0},E-mail envoyé avec succès à {0},
Email sent to {0},E-mail envoyé à {0},
Empty,Vide,
Enable,Activer,
Enable Automatic Stock Sync,Activer la synchronisation automatique du stock,
Enable Customer Display,Activer l'écran client,
Enable Gift Card Splitting,Activer le fractionnement de carte cadeau,
Enable Gift Cards,Activer les cartes cadeaux,
Enable Item,Activer l'article,
Enable Loyalty Program,Activer le programme de fidélité,
Enable Online Reservations,Activer les réservations en ligne,
Enable QR Self-Ordering,Activer la commande QR,
Enable Reservations,Activer les réservations,
Enable Runner,Activer le Runner,
Enable Session Lock,Activer le verrouillage de session,
Enable Silent Print,Activer l'impression silencieuse,
Enable Takeaway,Activer la vente à emporter,
Enable Takeaway Web Ordering,Activer la commande en ligne à emporter,
Enable Tips,Activer les pourboires,
Enable a runner display for delivering ready items from stations to tables,Activer un affichage runner pour livrer les articles prêts des postes aux tables,
Enable auto-add,Activer l'ajout auto,
Enable barcode scanner,Activer le scanner de codes-barres,
Enable cart-wide discount,Activer la remise sur tout le panier,
Enable custom POS settings for this profile,Activer les paramètres POS personnalisés pour ce profil,
Enable delivery fee calculation,Activer le calcul des frais de livraison,
Enable gift card functionality in POS,Activer les cartes cadeaux dans la caisse,
Enable invoice-level discount,Activer la remise au niveau de la facture,
Enable it in Restaurant Settings to use the Runner display.,Activez-le dans les Paramètres restaurant pour utiliser l'affichage Runner.,
Enable item-level discount in edit dialog,Activer la remise au niveau de l'article dans la boîte de modification,
Enable loyalty program features for this POS profile,Activer les fonctions de fidélité pour ce profil de caisse,
Enable partial payment for invoices,Activer le paiement partiel pour les factures,
Enable product returns,Activer les retours produits,
Enable restaurant mode,Activer le mode restaurant,
Enable sales on credit,Activer les ventes à crédit,
Enable sales order creation,Activer la création de commandes client,
Enable selling items even when stock reaches zero or below. Integrates with Back Office stock settings.,Permettre la vente d'articles même lorsque le stock atteint zéro ou moins. S'intègre avec les paramètres de stock du Back Office.,
Enable selling items even when stock reaches zero or below. Integrates with ERPNext negative stock settings.,Activer la vente d'articles même lorsque le stock atteint zéro ou en dessous. S'intègre aux paramètres de stock négatif d'ERPNext.,
Enable takeaway orders in restaurant mode,Activer les commandes à emporter en mode restaurant,
Enable the Runner display for delivering ready items from stations to tables.,Activer l'écran Runner pour livrer les articles prêts des stations aux tables.,
Enable the customer-facing display screen feature,Activer la fonctionnalité d'écran client,
Enable this item on every card.,Activer cet article sur toutes les cartes.,
Enable tip management,Activer la gestion des pourboires,
Enabled,Activé,
End,Fin,
End Time,Heure de fin,
Enter,Entrer,
Enter actual amount for {0},Entrez le montant réel pour {0},
Enter amount,Saisissez le montant,
Enter any special requests...,Saisissez vos demandes spéciales...,
Enter email address,Entrez l'adresse email,
"Enter reason for return (e.g., defective product, wrong item, customer request)...","Entrez la raison du retour (ex : produit défectueux, mauvais article, demande client)...",
Enter the connection password,Saisissez le mot de passe de connexion,
Enter your password,Entrez votre mot de passe,
Enter your promotional or gift card code below,Entrez votre code promotionnel ou carte cadeau ci-dessous,
Enter your username or email,Entrez votre nom d'utilisateur ou email,
Entire Transaction,Transaction entière,
Error,Erreur,
Error Closing Shift,Erreur lors de la fermeture de la session,
Error Message,Message d'erreur,
Error Report - Neopos,Rapport d'erreur - Neopos,
Error applying offers: {0},Erreur lors de l'application des offres : {0},
Error fetching batch/serial details: {0},Erreur lors de la récupération des détails lot/série : {0},
Error fetching brands: {0},Erreur lors de la récupération des marques : {0},
Error fetching bundle availability for {0}: {1},Erreur lors de la récupération de la disponibilité du lot pour {0} : {1},
Error fetching customers: {0},Erreur lors de la récupération des clients : {0},
Error fetching item details: {0},Erreur lors de la récupération des détails de l'article : {0},
Error fetching item groups: {0},Erreur lors de la récupération des groupes d'articles : {0},
Error fetching item stock: {0},Erreur lors de la récupération du stock de l'article : {0},
Error fetching item variants: {0},Erreur lors de la récupération des variantes de l'article : {0},
Error fetching items count: {0},Erreur lors du comptage des articles : {0},
Error fetching items: {0},Erreur lors de la récupération des articles : {0},
Error fetching payment methods: {0},Erreur lors de la récupération des modes de paiement : {0},
Error fetching stock quantities: {0},Erreur lors de la récupération des quantités en stock : {0},
Error fetching warehouse availability: {0},Erreur lors de la récupération de la disponibilité en entrepôt : {0},
Error getting closing shift data: {0},Erreur lors de la récupération des données de clôture de session : {0},
Error getting create POS profile: {0},Erreur lors de la création du profil POS : {0},
Error searching by barcode: {0},Erreur lors de la recherche par code-barres : {0},
Error submitting closing shift: {0},Erreur lors de la soumission de la clôture de session : {0},
Error updating warehouse: {0},Erreur lors de la mise à jour de l'entrepôt : {0},
Error!,Erreur !,
Esc,Échap,
Estimated preparation time in minutes,Temps de préparation estimé en minutes,
Exact amount only,Montant exact uniquement,
Exception: {0},Exception : {0},
Exhausted,Épuisé,
Existing Shift Found,Session existante trouvée,
Exp: {0},Exp : {0},
Expected,Attendu,
Expected Amount,Montant attendu,
Expected: &lt;span class=&quot;font-medium&quot;&gt;{0}&lt;/span&gt;,Attendu : &lt;span class=&quot;font-medium&quot;&gt;{0}&lt;/span&gt;,
Expired,Expiré,
Expired Only,Expirés uniquement,
Expires At,Expire le,
Expiry Days,Jours d'expiration,
External,Externe,
External Invoices,Factures externes,
External Payments,Paiements externes,
FREE,GRATUIT,
Failed,Échoué,
Failed to Load Shift Data,Échec du chargement des données de session,
Failed to add payment,Échec de l'ajout du paiement,
Failed to add station,Échec de l'ajout du poste,
Failed to add table,Échec de l'ajout de la table,
Failed to apply coupon. Please try again.,Échec de l'application du coupon. Veuillez réessayer.,
Failed to apply gift card,Échec de l'application de la carte cadeau,
Failed to apply offer. Please try again.,Échec de l'application de l'offre. Veuillez réessayer.,
Failed to apply referral code: {0},Échec de l'application du code de parrainage : {0},
Failed to cancel,Échec de l'annulation,
Failed to cancel payment. Please cancel on the terminal.,Échec de l'annulation du paiement. Veuillez annuler sur le terminal.,
Failed to check invoice,Échec de la vérification de la facture,
Failed to check payment status,Échec de la vérification du statut de paiement,
Failed to clear cache. Please try again.,Échec du vidage du cache. Veuillez réessayer.,
Failed to clear drafts,Échec de la suppression des brouillons,
Failed to confirm,Échec de la confirmation,
Failed to create area,Échec de la création de la zone,
Failed to create card,Échec de la création de la carte,
Failed to create cash entry,Échec de la création de l'entrée de caisse,
Failed to create coupon,Échec de la création du coupon,
Failed to create coupon: {0},Échec de la création du coupon : {0},
Failed to create customer,Échec de la création du client,
Failed to create invoice draft,Échec de la création du brouillon de facture,
Failed to create item,Échec de la création de l'article,
Failed to create option group,Échec de la création du groupe d'options,
Failed to create payment entry: {0},Échec de la création de l'écriture de paiement : {0},
Failed to create payment entry: {0}. All changes have been rolled back.,Échec de la création de l'écriture de paiement : {0}. Toutes les modifications ont été annulées.,
Failed to create permanent card,Échec de la création de la carte permanente,
Failed to create pricing rule,Échec de la création de la règle de prix,
Failed to create promotion,Échec de la création de la promotion,
Failed to create promotion: {0},Échec de la création de la promotion : {0},
Failed to create reservation,Échec de la création de la réservation,
Failed to create return invoice,Échec de la création de la facture de retour,
Failed to create workflow,Échec de la création du workflow,
Failed to delete area,Échec de la suppression de la zone,
Failed to delete card,Échec de la suppression de la carte,
Failed to delete coupon,Échec de la suppression du coupon,
Failed to delete coupon: {0},Échec de la suppression du coupon : {0},
Failed to delete draft,Échec de la suppression du brouillon,
Failed to delete offline invoice,Échec de la suppression de la facture hors ligne,
Failed to delete option group,Échec de la suppression du groupe d'options,
Failed to delete promotion,Échec de la suppression de la promotion,
Failed to delete promotion: {0},Échec de la suppression de la promotion : {0},
Failed to delete station,Échec de la suppression du poste,
Failed to delete table,Échec de la suppression de la table,
Failed to delete workflow,Échec de la suppression du workflow,
Failed to download certificate.,Échec du téléchargement du certificat.,
Failed to download image,Échec du téléchargement de l'image,
Failed to duplicate card,Échec de la duplication de la carte,
Failed to generate CSRF token,Échec de la génération du jeton CSRF,
Failed to generate QR code: {0},Échec de la génération du code QR : {0},
Failed to generate certificate. Are you a System Manager?,Échec de la génération du certificat. Êtes-vous un administrateur système ?,
Failed to generate your welcome coupon,Échec de la génération de votre coupon de bienvenue,
Failed to get invoice name from draft,Échec de la récupération du nom de facture depuis le brouillon,
Failed to initiate payment,Échec de l'initiation du paiement,
Failed to initiate payment. Please try again or contact staff.,Échec de l'initiation du paiement. Veuillez réessayer ou contacter le personnel.,
Failed to load brands,Échec du chargement des marques,
Failed to load card,Échec du chargement de la carte,
Failed to load cards,Échec du chargement des cartes,
Failed to load cash entries,Échec du chargement des entrées de caisse,
Failed to load coupon details,Échec du chargement des détails du coupon,
Failed to load coupons,Échec du chargement des coupons,
Failed to load draft,Échec du chargement du brouillon,
Failed to load draft invoices,Échec du chargement des brouillons de factures,
Failed to load external invoices,Échec du chargement des factures externes,
Failed to load invoice details,Échec du chargement des détails de la facture,
Failed to load invoices,Échec du chargement des factures,
Failed to load item data,Échec du chargement des données de l'article,
Failed to load item groups,Échec du chargement des groupes d'articles,
Failed to load menu data,Échec du chargement des données du menu,
Failed to load more images,Échec du chargement des images supplémentaires,
Failed to load orders from server.,Échec du chargement des commandes depuis le serveur.,
Failed to load orders.,Échec du chargement des commandes.,
Failed to load partial payments,Échec du chargement des paiements partiels,
Failed to load product options,Échec du chargement des options produit,
Failed to load promotion details,Échec du chargement des détails de la promotion,
Failed to load recent invoices,Échec du chargement des factures récentes,
Failed to load settings,Échec du chargement des paramètres,
Failed to load takeaway menu,Échec du chargement du menu à emporter,
Failed to load templates,Échec du chargement des modèles,
Failed to load terminals,Échec du chargement des terminaux,
Failed to load unpaid invoices,Échec du chargement des factures impayées,
Failed to load variants,Échec du chargement des variantes,
Failed to load warehouse availability,Échec du chargement de la disponibilité en entrepôt,
Failed to load workflows,Échec du chargement des workflows,
Failed to mark items as delivered.,Échec du marquage des articles comme livrés.,
Failed to print draft,Échec de l'impression du brouillon,
Failed to print provisional ticket,Échec de l'impression du ticket provisoire,
Failed to process selection. Please try again.,Échec du traitement de la sélection. Veuillez réessayer.,
Failed to rename area,Échec du renommage de la zone,
Failed to rename card,Échec du renommage de la carte,
Failed to save badges,Échec de l'enregistrement des badges,
Failed to save card,Échec de l'enregistrement de la carte,
Failed to save current cart. Draft loading cancelled to prevent data loss.,Échec de la sauvegarde du panier actuel. Chargement du brouillon annulé pour éviter la perte de données.,
Failed to save draft,Échec de l'enregistrement du brouillon,
Failed to save floor plan,Échec de l'enregistrement du plan de salle,
Failed to save item,Échec de l'enregistrement de l'article,
Failed to save options,Échec de l'enregistrement des options,
Failed to save restaurant settings,Échec de l'enregistrement des paramètres restaurant,
Failed to save settings,Échec de l'enregistrement des paramètres,
Failed to save workflow,Échec de l'enregistrement du workflow,
Failed to search images,Échec de la recherche d'images,
Failed to send email,Échec de l'envoi de l'e-mail,
Failed to send email. Please check your email configuration.,Échec de l'envoi de l'e-mail. Vérifiez votre configuration e-mail.,
Failed to send order to kitchen,Échec de l'envoi de la commande en cuisine,
Failed to sync invoice for {0}\n\n${1}\n\nYou can delete this invoice from the offline queue if you don't need it.,Échec de la synchronisation de la facture pour {0}\n\n${1}\n\nVous pouvez supprimer cette facture de la file d'attente hors ligne si vous n'en avez pas besoin.,
Failed to toggle coupon status,Échec du basculement du statut du coupon,
Failed to toggle coupon: {0},Échec du basculement du coupon : {0},
Failed to toggle promotion: {0},Échec du basculement de la promotion : {0},
Failed to toggle restaurant mode,Échec du changement de mode restaurant,
Failed to update,Échec de la mise à jour,
Failed to update KDS order status.,Échec de la mise à jour du statut de commande KDS.,
Failed to update UOM. Please try again.,Échec de la mise à jour de l'unité de mesure. Veuillez réessayer.,
Failed to update cart after removing offer.,Échec de la mise à jour du panier après suppression de l'offre.,
Failed to update coupon,Échec de la mise à jour du coupon,
Failed to update coupon: {0},Échec de la mise à jour du coupon : {0},
Failed to update customer,Échec de la mise à jour du client,
Failed to update default,Échec de la mise à jour du défaut,
Failed to update item status,Échec de la mise à jour du statut de l'article,
Failed to update item.,Échec de la mise à jour de l'article.,
Failed to update promotion,Échec de la mise à jour de la promotion,
Failed to update promotion status,Échec de la mise à jour du statut de la promotion,
Failed to update promotion: {0},Échec de la mise à jour de la promotion : {0},
Failed to update station,Échec de la mise à jour du poste,
Failed to update status,Échec de la mise à jour du statut,
Failed to update table,Échec de la mise à jour de la table,
Failed to update table status,Échec de la mise à jour du statut de la table,
Failed to upload image,Échec du téléchargement de l'image,
Faster access and offline support,Accès plus rapide et support hors ligne,
Fill in the details to create a new coupon,Remplissez les détails pour créer un nouveau coupon,
Fill in the details to create a new promotional scheme,Remplissez les détails pour créer un nouveau programme promotionnel,
Final Amount,Montant final,
First,Premier,
First name,Prénom,
Fixed Amount,Montant fixe,
Floor Plan,Plan de salle,
Floor Plan Background,Arrière-plan du plan de salle,
Floor Plan Walls,Murs du plan de salle,
Floor plan saved,Plan de salle enregistré,
Fonts,Polices,
Footer Text,Texte de pied de page,
Force Save,Forcer l'enregistrement,
Free,Gratuit,
Free Item,Article gratuit,
Free Item Rule,Règle article gratuit,
Free Quantity,Quantité gratuite,
Free item,Article gratuit,
Frequent Customers,Clients fréquents,
Friday,Vendredi,
From,De,
From Date,Date de début,
From Date must be before To Date,La date de début doit être antérieure à la date de fin,
From reconciliation,Issu du rapprochement,
From {0},À partir de {0},
Full,Complet,
Fully Paid,Entièrement payé,
General,Général,
General Settings,Paramètres généraux,
Generate,Générer,
Generate Certificate,Générer le certificat,
Generate PDF,Générer le PDF,
Generate QR,Générer le QR,
Generate QR code for guest ordering,Générer un QR code pour la commande invité,
Generating...,Génération...,
Gift,Cadeau,
Gift Card,Carte cadeau,
Gift Card Active,Carte cadeau active,
Gift Card Applied!,Carte cadeau appliquée !,
Gift Card Balance,Solde de la carte cadeau,
Gift Card Code,Code carte cadeau,
Gift Card Created,Carte cadeau créée,
Gift Card Depleted,Carte cadeau épuisée,
Gift Card Item,Article carte cadeau,
Gift Card Notification,Notification de carte cadeau,
Gift Card Validity (Months),Validité de la carte cadeau (mois),
Gift Card {0} created with balance {1},Carte cadeau {0} créée avec un solde de {1},
Gift Cards,Cartes cadeaux,
Gift card has expired,La carte cadeau a expiré,
Gift card has no remaining balance,La carte cadeau n'a plus de solde,
Gift card is not yet valid,La carte cadeau n'est pas encore valide,
Gift card not found,Carte cadeau introuvable,
Gift card value,Valeur de la carte cadeau,
Give Item,Article offert,
Give Item Row ID,ID de ligne de l'article offert,
Give Product,Produit offert,
Given Quantity,Quantité offerte,
Global Price,Prix global,
Go to first page,Aller à la première page,
Go to last page,Aller à la dernière page,
Go to next page,Aller à la page suivante,
Go to page {0},Aller à la page {0},
Go to previous page,Aller à la page précédente,
Grand Total,Total général,
Grand Total:,Total général :,
Gratuity / Pourboire,Pourboire,
Grid View,Vue grille,
Gross Sales,Ventes brutes,
Group Name,Nom du groupe,
Group by,Grouper par,
"Group name (e.g. Sauce, Cooking)","Nom du groupe (ex. Sauce, Cuisson)",
Guest Account Mode,Mode compte invité,
Guest Information,Informations sur le client,
Guest Menu,Menu invité,
Guest Name,Nom de l'invité,
Guest Order Token,Jeton de commande client,
Guest seated,Invité installé,
Guests,Convives,
Have a coupon code?,Vous avez un code coupon ?,
Header & Footer,En-tête & pied de page,
Header / Title,En-tête / Titre,
Header Font,Police de l'en-tête,
Header Text,Texte d'en-tête,
Health Status,État de santé,
Height,Hauteur,
Height (mm),Hauteur (mm),
Hide Expected Amount,Masquer le montant attendu,
Hide delivery arrows,Masquer les flèches de livraison,
Hide expected cash amount in closing,Masquer le montant attendu en espèces à la clôture,
Hide password,Masquer le mot de passe,
High Performers,Meilleurs performeurs,
Hold,En attente,
Hold order as draft,Mettre la commande en attente comme brouillon,
Hour,Heure,
Hours,Heures,
How long the gift card is valid,Durée de validité de la carte cadeau,
How often to check server for stock updates (minimum 10 seconds),Fréquence de vérification du serveur pour les mises à jour de stock (minimum 10 secondes),
Icon,Icône,
"If QZ Tray is unavailable, printing will fall back to the browser dialog.","Si QZ Tray n'est pas disponible, l'impression utilisera la boîte de dialogue du navigateur.",
"If checked, this card is always visible in POS regardless of time slots or dates","Si coché, cette carte est toujours visible dans la caisse, indépendamment des créneaux horaires ou des dates",
"If checked, this workflow will be used when no specific workflow is assigned to a station or item.","Si coché, ce flux de travail sera utilisé lorsqu'aucun flux spécifique n'est assigné à une station ou un article.",
"If products are listed here, they will always follow this workflow regardless of their station assignment.","Si des produits sont listés ici, ils suivront toujours ce flux de travail, indépendamment de leur station.",
"If set, selecting this option changes the item quantity","Si défini, sélectionner cette option modifie la quantité de l'article",
"If unchecked, items from this station will skip the runner and can be marked as Delivered directly from the KDS.","Si décoché, les articles de cette station sauteront le runner et pourront être marqués comme livrés directement depuis le KDS.",
Image,Image,
In,Entrée,
In Stock,En stock,
In queue,En file d'attente,
Inactive,Inactif,
Include Zero Stock Items,Inclure les articles à stock zéro,
Incorrect password,Mot de passe incorrect,
Increase quantity,Augmenter la quantité,
Individual,Individuel,
Info,Info,
Initiating payment...,Initialisation du paiement...,
Install,Installer,
Install Neopos,Installer Neopos,
Installed,Installé,
"Instead of cash refund, add the return amount to customer credit balance for future purchases.","Au lieu d'un remboursement en espèces, ajouter le montant du retour au solde crédit client pour de futurs achats.",
Insufficient Stock,Stock insuffisant,
"Insufficient credit available from {0}. Available: {1}, Requested: {2}","Crédit insuffisant sur {0}. Disponible : {1}, Demandé : {2}",
"Insufficient unallocated amount in {0}. Available: {1}, Requested: {2}","Montant non alloué insuffisant sur {0}. Disponible : {1}, Demandé : {2}",
"Insufficient wallet balance. Available: {0}, Requested: {1}","Solde du portefeuille insuffisant. Disponible : {0}, Demandé : {1}",
Internal,Interne,
Internet,Internet,
Inv/Hr,Fact./h,
Invalid API key,Clé API invalide,
Invalid API key format. Expected format: api_key:api_secret,Format de clé API invalide. Format attendu : api_key:api_secret,
Invalid API secret,Secret API invalide,
Invalid Opening Entry,Écriture d'ouverture invalide,
Invalid Period,Période invalide,
Invalid amount,Montant invalide,
Invalid coupon code,Code coupon invalide,
Invalid invoice format,Format de facture invalide,
Invalid invoice name provided,Nom de facture fourni invalide,
Invalid or expired link,Lien invalide ou expiré,
Invalid or expired verification token,Jeton de vérification invalide ou expiré,
Invalid or unknown token.,Jeton invalide ou inconnu.,
Invalid payments payload: malformed JSON,Données de paiement invalides : JSON malformé,
Invalid positions data,Données de positions invalides,
Invalid referral code,Code de parrainage invalide,
Invalid session,Session invalide,
Invalid verification token,Jeton de vérification invalide,
Inventory Impact and Fast Movers Report,Rapport d'impact sur les stocks et articles à forte rotation,
Invoice,Facture,
Invoice #:,Facture n° :,
Invoice - {0},Facture - {0},
Invoice Amount,Montant de la facture,
Invoice Created,Facture créée,
Invoice Created Successfully,Facture créée avec succès,
Invoice Currency,Devise de la facture,
Invoice Date,Date de facture,
Invoice Details,Détails de la facture,
Invoice History,Historique des factures,
Invoice ID: {0},ID facture : {0},
Invoice Management,Gestion des factures,
Invoice Summary,Résumé de la facture,
Invoice fully paid. No additional payment needed.,Facture entièrement payée. Aucun paiement supplémentaire nécessaire.,
Invoice loaded to cart for editing,Facture chargée dans le panier pour modification,
Invoice must be submitted before adding payments,La facture doit être soumise avant d'ajouter des paiements,
Invoice must be submitted to create a return,La facture doit être soumise pour créer un retour,
Invoice must be submitted to redeem credit,La facture doit être soumise pour utiliser le crédit,
Invoice name and recipients are required,Le nom de la facture et les destinataires sont requis,
Invoice name is required,Le nom de la facture est requis,
Invoice not found,Facture introuvable,
Invoice not found.,Facture introuvable.,
Invoice saved as draft successfully,Facture enregistrée comme brouillon avec succès,
Invoice saved offline. Will sync when online,Facture enregistrée hors ligne. Sera synchronisée une fois en ligne,
Invoice subject,Objet de la facture,
Invoice submitted successfully but credit redemption failed. Please contact administrator.,Facture soumise avec succès mais l'utilisation du crédit a échoué. Veuillez contacter l'administrateur.,
Invoice {0} Deleted,Facture {0} supprimée,
Invoice {0} created and sent to printer,Facture {0} créée et envoyée à l'imprimante,
Invoice {0} created but print failed,Facture {0} créée mais l'impression a échoué,
Invoice {0} created successfully,Facture {0} créée avec succès,
Invoice {0} created successfully!,Facture {0} créée avec succès !,
Invoice {0} does not exist,La facture {0} n'existe pas,
Invoice {0} from {1},Facture {0} de {1},
Invoice {0} not found,Facture {0} introuvable,
Invoices,Factures,
Is Default,Par défaut,
Is Return,Est un retour,
Item,Article,
Item '{0}' created successfully,Article '{0}' créé avec succès,
Item Badge,Badge d'article,
Item Code,Code article,
Item Discount,Remise sur article,
Item Group,Groupe d'articles,
Item Groups,Groupes d'articles,
Item Images,Images de l'article,
Item Name,Nom de l'article,
"Item Name, Item Group, and Unit of Measure are required","Le nom de l'article, le groupe d'articles et l'unité de mesure sont requis",
Item Not Found: No item found with barcode: {0},Article non trouvé : Aucun article trouvé avec le code-barres : {0},
Item Price,Prix de l'article,
Item Rate Should Less Then,Le prix de l'article doit être inférieur à,
"Item that represents a gift card purchase. When sold, creates a gift card coupon with the item's price as the gift card value.","Article représentant l'achat d'une carte cadeau. Lors de la vente, crée un coupon carte cadeau avec le prix de l'article comme valeur de la carte.",
Item updated,Article mis à jour,
Item with barcode {0} not found,Article avec le code-barres {0} non trouvé,
Item {0} is not allowed for sales,L'article {0} n'est pas autorisé à la vente,
Item: {0},Article : {0},
Items,Articles,
Items Sold,Articles vendus,
Items to Return:,Articles à retourner :,
Items:,Articles :,
Journal Entry Template,Modèle d'écriture comptable,
Journal Entry Template name,Nom du modèle d'écriture comptable,
"Journal Entry Template used for cash withdrawal at shift closing. When set, cashiers can withdraw cash at closing and the remaining balance is suggested as next opening amount.","Modèle d'écriture comptable utilisé pour le retrait d'espèces à la clôture. Lorsque défini, les caissiers peuvent retirer des espèces à la clôture et le solde restant est suggéré comme montant d'ouverture suivant.",
Journal Entry {0} created for credit redemption,Écriture comptable {0} créée pour l'utilisation du crédit,
Just now,À l'instant,
Kitchen,Cuisine,
Kitchen is clear.,La cuisine est libre.,
Label,Libellé,
Language,Langue,
Large Overpayment,Trop-perçu important,
Last,Dernier,
Last 30 Days,30 derniers jours,
Last 7 Days,7 derniers jours,
Last Modified,Dernière modification,
Last Sync:,Dernière synchro :,
Last name,Nom de famille,
Layout,Disposition,
Leave,Quitter,
Leave POS?,Quitter le POS ?,
Leave blank to use default price,Laisser vide pour utiliser le prix par défaut,
Leave empty to use card name,Laisser vide pour utiliser le nom de la carte,
Limit search results for performance,Limiter les résultats de recherche pour les performances,
Linked ERPNext Coupon Code for accounting integration,Code coupon ERPNext lié pour l'intégration comptable,
Linked Invoices,Factures liées,
List,Liste,
List View,Vue liste,
Load More,Charger plus,
Load more,Charger plus,
Load more ({0} remaining),Charger plus ({0} restants),
Loading customers for offline use...,Chargement des clients pour une utilisation hors ligne...,
Loading customers...,Chargement des clients...,
Loading invoice details...,Chargement des détails de la facture...,
Loading invoices...,Chargement des factures...,
Loading items...,Chargement des articles...,
Loading menu...,Chargement du menu...,
Loading more items...,Chargement d'autres articles...,
Loading offers...,Chargement des offres...,
Loading options...,Chargement des options...,
Loading serial numbers...,Chargement des numéros de série...,
Loading settings...,Chargement des paramètres...,
Loading shift data...,Chargement des données de session...,
Loading stock information...,Chargement des informations de stock...,
Loading terminals...,Chargement des terminaux...,
Loading variants...,Chargement des variantes...,
Loading warehouses...,Chargement des entrepôts...,
Loading {0}...,Chargement de {0}...,
Loading...,Chargement...,
Local override (differs from global),Valeur locale (différente du global),
Localization,Localisation,
Lock Screen,Écran de verrouillage,
Lock the POS screen after a period of inactivity or when the browser tab loses focus,Verrouiller l'écran POS après une période d'inactivité ou lorsque l'onglet du navigateur perd le focus,
Locked,Verrouillé,
Locked (offer applied),Verrouillé (offre appliquée),
Login Failed,Échec de connexion,
Logout,Déconnexion,
Looking for invoice in database,Recherche de la facture en base de données,
Low Stock,Stock faible,
Loyalty Credit,Crédit fidélité,
Loyalty Point,Point de fidélité,
Loyalty Point Scheme,Schéma de points de fidélité,
Loyalty Points,Points de fidélité,
Loyalty Program,Programme de fidélité,
Loyalty points conversion from {0}: {1} points = {2},Conversion des points de fidélité de {0} : {1} points = {2},
Loyalty points conversion: {0} points = {1},Conversion des points de fidélité : {0} points = {1},
Loyalty points converted to wallet: {0} points = {1},Points de fidélité convertis en portefeuille : {0} points = {1},
Loyalty program for this POS profile,Programme de fidélité pour ce profil de caisse,
Maintain Stock,Gérer le stock,
Manage all your invoices in one place,Gérez toutes vos factures en un seul endroit,
Manage invoices with pending payments,Gérez les factures avec paiements en attente,
Manage promotional schemes and coupons,Gérez les promotions et les coupons,
Mandatory,Obligatoire,
Manual Adjustment,Ajustement manuel,
Manual rate edit by {user}: Item {item_code} rate changed from {original} to {new} ({change_pct}% {change_type}),Modification manuelle du prix par {user} : prix de l'article {item_code} modifié de {original} à {new} ({change_pct}% {change_type}),
Manual wallet credit,Crédit manuel du portefeuille,
Mark Delivered,Marquer comme livré,
Mark this card as the guest-facing menu for QR ordering,Marquer cette carte comme le menu client pour la commande par QR,
Marked as No Show,Marqué comme absent,
Max,Max,
Max Amount,Montant maximum,
Max Discount (%),Remise max. (%),
Max Discount Percentage Allowed,Pourcentage de remise maximum autorisé,
Max Quantity,Quantité maximum,
Max Selections,Nombre maximum de sélections,
Max {0},Max {0},
Maximum Amount ({0}),Montant maximum ({0}),
Maximum Discount Amount,Montant de remise maximum,
Maximum Discount Amount must be greater than 0,Le montant de remise maximum doit être supérieur à 0,
Maximum Quantity,Quantité maximum,
Maximum Use,Utilisation maximum,
Maximum cart value exceeded ({0}),Valeur du panier maximum dépassée ({0}),
Maximum discount per item,Remise maximum par article,
Maximum discount percentage (enforced in UI),Pourcentage de remise maximum (appliqué dans l'interface),
Maximum discount that can be applied,Remise maximum pouvant être appliquée,
Maximum number of active reservations reached for this email,Nombre maximum de réservations actives atteint pour cet e-mail,
Maximum number of search results,Nombre maximum de résultats de recherche,
Maximum {0} eligible items allowed for this offer,Maximum {0} articles éligibles autorisés pour cette offre,
Menu,Menu,
Menu Badge,Badge de menu,
Menu Design Template,Modèle de design de menu,
Menu Designer,Designer de menu,
Menu Name,Nom du menu,
Menu Settings,Paramètres du menu,
Menus,Menus,
Merged into {0} (Total: {1}),Fusionné dans {0} (Total : {1}),
Message,Message,
Message: {0},Message : {0},
Min Amount,Montant minimum,
Min Purchase,Achat minimum,
Min Quantity,Quantité minimum,
Minimum Amount ({0}),Montant minimum ({0}),
Minimum Amount cannot be negative,Le montant minimum ne peut pas être négatif,
Minimum Cart Amount,Montant minimum du panier,
Minimum Quantity,Quantité minimum,
Minimum cart amount of {0} is required,Un montant minimum de panier de {0} est requis,
Minimum cart value of {0} required,Valeur minimum du panier de {0} requise,
Minute,Minute,
Minutes,Minutes,
Minutes after reservation time before marking as No Show,Minutes après l'heure de réservation avant de marquer comme absent,
Minutes of inactivity before the session is locked,Minutes d'inactivité avant le verrouillage de la session,
Miscellaneous,Divers,
Missing Account,Compte manquant,
Missing invoice parameter,Paramètre de facture manquant,
Missing invoice parameter. Received data: {0},Paramètre de facture manquant. Données reçues : {0},
Mobile,Mobile,
Mobile NO,N° de mobile,
Mode,Mode,
Mode Of Payment,Mode de paiement,
Mode of Payment,Mode de paiement,
Mode of Payment {0} does not exist,Le mode de paiement {0} n'existe pas,
Mode of Payments,Modes de paiement,
Modes of Payment,Modes de paiement,
Modifiers,Modificateurs,
Modify invoice posting date,Modifier la date de comptabilisation de la facture,
Monday,Lundi,
More,Plus,
Multiple,Multiple,
Multiple choices,Choix multiples,
N,N,
N/A,N/A,
NOT COLLECTED - PROVISIONAL TICKET,NON ENCAISSÉ - TICKET PROVISOIRE,
Name,Nom,
Name and email are required,Le nom et l'e-mail sont requis,
Naming Series Error,Erreur de série de nommage,
Navigate,Naviguer,
Negative Stock,Stock négatif,
Negative stock sales are now allowed,Les ventes en stock négatif sont maintenant autorisées,
Negative stock sales are now restricted,Les ventes en stock négatif sont maintenant restreintes,
Neopos,Neopos,
Neopos Customer Display,Écran client Neopos,
Neopos Register,Registre Neopos,
Net,Net,
Net Sales,Ventes nettes,
Net Total,Total net,
Net Total:,Total net :,
Net Variance,Écart net,
Net tax,Taxe nette,
Net total AFTER pricing rules but BEFORE additional discount - used for gift card calculations,Total net APRÈS les règles de tarification mais AVANT la remise additionnelle - utilisé pour les calculs de carte cadeau,
Network Usage:,Utilisation réseau :,
Network error. Please try again.,Erreur réseau. Veuillez réessayer.,
Never,Jamais,
New Card,Nouvelle carte,
New Customer,Nouveau client,
New Option Group,Nouveau groupe d'options,
New Reservation,Nouvelle réservation,
New Reservation - {0} ({1} guests),Nouvelle réservation - {0} ({1} convives),
New Workflow,Nouveau workflow,
New guest order for table,Nouvelle commande invité pour la table,
New guest order received,Nouvelle commande invité reçue,
New items,Nouveaux articles,
Next,Suivant,
Next opening balance,Solde d'ouverture suivant,
No,Non,
No Active Orders,Aucune commande active,
No Active Shift,Aucune session active,
No Items Ready,Aucun article prêt,
No Journal Entry Templates found for this company.,Aucun modèle d'écriture comptable trouvé pour cette entreprise.,
No Options Available,Aucune option disponible,
No POS Profile Selected,Aucun profil POS sélectionné,
No POS Profile is available for takeaway orders.,Aucun profil POS n'est disponible pour les commandes à emporter.,
No POS Profile linked to this session.,Aucun profil POS lié à cette session.,
No POS Profiles available. Please contact your administrator.,Aucun profil POS disponible. Veuillez contacter votre administrateur.,
No Partial Payments,Aucun paiement partiel,
No Sales During This Shift,Aucune vente pendant cette session,
No Show,Absent,
No Show Rate,Taux d'absence,
No Sorting,Aucun tri,
No Stock Available,Aucun stock disponible,
No Unpaid Invoices,Aucune facture impayée,
No Variants Available,Aucune variante disponible,
No active Wallee terminal found. Please configure a terminal in Wallee Settings.,Aucun terminal Wallee actif trouvé. Veuillez configurer un terminal dans les paramètres Wallee.,
No active card for the current time slot,Aucune carte active pour le créneau horaire actuel,
No active card for the current time slot{0},Aucune carte active pour le créneau horaire actuel{0},
No active order found for this session.,Aucune commande active trouvée pour cette session.,
No additional units of measurement configured for this item.,Aucune unité de mesure supplémentaire configurée pour cet article.,
No available slots for this date,Aucun créneau disponible pour cette date,
No batches available in {0} for {1}.,Aucun lot disponible dans {0} pour {1}.,
No cash entries for this shift yet.,Aucune entrée de caisse pour ce service.,
No connection,Pas de connexion,
No countries found,Aucun pays trouvé,
No coupons found,Aucun coupon trouvé,
No customer group found. Please configure a customer group.,Aucun groupe de clients trouvé. Veuillez configurer un groupe de clients.,
No customers available,Aucun client disponible,
No draft invoices,Aucune facture brouillon,
No expiry,Sans expiration,
No guest menu is configured. Please contact staff.,Aucun menu invité n'est configuré. Veuillez contacter le personnel.,
No images found. Try a different search term.,Aucune image trouvée. Essayez un autre terme de recherche.,
No invoice found for this session.,Aucune facture trouvée pour cette session.,
No invoices found,Aucune facture trouvée,
No invoices were created. Closing amounts should match opening amounts.,Aucune facture n'a été créée. Les montants de clôture doivent correspondre aux montants d'ouverture.,
No item groups assigned,Aucun groupe d'articles assigné,
No items,Aucun article,
No items assigned,Aucun article assigné,
No items available,Aucun article disponible,
No items available for return,Aucun article disponible pour le retour,
No items found,Aucun article trouvé,
"No items found for ""{0}""","Aucun article trouvé pour ""{0}""",
No items found for '{0}',Aucun article trouvé pour '{0}',
No items in cart,Aucun article dans le panier,
No items provided.,Aucun article fourni.,
No menus available,Aucun menu disponible,
No modifiers available for this item,Aucun modificateur disponible pour cet article,
No offers available,Aucune offre disponible,
No options available,Aucune option disponible,
No order yet,Aucune commande,
No payment methods available,Aucun mode de paiement disponible,
No payment methods configured for this POS Profile,Aucun mode de paiement configuré pour ce profil POS,
No pending invoices to sync,Aucune facture en attente de synchronisation,
No pending offline invoices,Aucune facture hors ligne en attente,
No printers found. Is QZ Tray running?,Aucune imprimante trouvée. QZ Tray est-il en marche ?,
No promotions found,Aucune promotion trouvée,
No redeemable points available,Aucun point échangeable disponible,
No reservations for this date,Aucune réservation pour cette date,
"No results for ""{0}""","Aucun résultat pour ""{0}""",
No results for {0},Aucun résultat pour {0},
No results for {0} in {1},Aucun résultat pour {0} dans {1},
No results found,Aucun résultat trouvé,
No results in {0},Aucun résultat dans {0},
No return invoices,Aucune facture de retour,
No sales,Aucune vente,
No sales persons available,Aucun vendeur disponible,
No serial numbers available,Aucun numéro de série disponible,
No serial numbers match your search,Aucun numéro de série ne correspond à votre recherche,
No stock available,Aucun stock disponible,
No tables found in this area,Aucune table trouvée dans cette zone,
No tables in this area,Aucune table dans cette zone,
No takeaway menu is configured.,Aucun menu à emporter n'est configuré.,
No takeaway orders,Aucune commande à emporter,
No templates match your search.,Aucun modèle ne correspond à votre recherche.,
No territory found. Please configure a territory.,Aucun territoire trouvé. Veuillez configurer un territoire.,
No tip,Pas de pourboire,
No tips found,Aucun pourboire trouvé,
No variants found,Aucune variante trouvée,
"No, only update the price list","Non, mettre à jour uniquement la liste de prix",
No-Show Delay (minutes),Délai d'absence (minutes),
Non-Cash,Non-espèces,
Normal,Normal,
Nos,Nos,
Nos,Nos,
Not Found,Non trouvé,
Not Installed,Non installé,
Not Proposed,Non proposé,
Not Started,Non commencé,
Not assigned to any slot,Non assigné à un créneau,
"Not enough stock available in the warehouse.

Please reduce the quantity or check stock availability.","Stock insuffisant dans l'entrepôt.

Veuillez réduire la quantité ou vérifier la disponibilité du stock.",
Not permitted,Non autorisé,
Not yet collected,Pas encore encaissé,
Note,Note,
Notes,Notes,
"Notification template to send when a gift card is created (e.g., email with gift card code).",Modèle de notification à envoyer lors de la création d'une carte cadeau (ex. e-mail avec le code de la carte).,
Number of Guests,Nombre de convives,
Number of days allowed for invoice returns. Set to 0 for unlimited returns.,Nombre de jours autorisés pour les retours de facture. Mettre à 0 pour des retours illimités.,
Number of days the referee's coupon will be valid,Nombre de jours de validité du coupon du filleul,
Number of days the referrer's coupon will be valid after being generated,Nombre de jours de validité du coupon du parrain après génération,
Number of decimal places for amounts,Nombre de décimales pour les montants,
Number of months a gift card is valid from creation date. Set to 0 for no expiration.,Nombre de mois de validité d'une carte cadeau à compter de la date de création. Mettre à 0 pour pas d'expiration.,
OK,OK,
Occupied,Occupé,
Offer,Offre,
Offer Applied,Offre appliquée,
Offer Name,Nom de l'offre,
Offer applied: {0},Offre appliquée : {0},
Offer has been removed from cart,L'offre a été retirée du panier,
Offer removed: {0}. Cart no longer meets requirements.,Offre retirée : {0}. Le panier ne répond plus aux conditions.,
Offers,Offres,
Offers & Coupons,Offres & coupons,
Offers applied: {0},Offres appliquées : {0},
Offline,Hors ligne,
Offline ({0} pending),Hors ligne ({0} en attente),
Offline ID,ID hors ligne,
Offline Invoice Sync,Synchronisation de factures hors ligne,
Offline Invoices,Factures hors ligne,
Offline Mode,Mode hors ligne,
Offline Sync and System Health Report,Rapport de synchronisation hors ligne et santé du système,
Offline invoice deleted successfully,Facture hors ligne supprimée avec succès,
Offline mode active,Mode hors ligne actif,
Offline: {0} applied,Hors ligne : {0} appliqué,
On Account,Sur compte,
On Payment,Au paiement,
On Table Close,À la fermeture de table,
Online - Click to sync,En ligne - Cliquer pour synchroniser,
Online mode active,Mode en ligne actif,
Online reservations are not available,Les réservations en ligne ne sont pas disponibles,
Online reservations are not enabled,Les réservations en ligne ne sont pas activées,
Only One Use Per Customer,Une seule utilisation par client,
Only System Managers can set up QZ certificates.,Seuls les administrateurs système peuvent configurer les certificats QZ.,
Only affects '{0}'.,N'affecte que '{0}'.,
Only one unit available,Une seule unité disponible,
Opacity,Opacité,
Open,Ouvert,
Open Customer Display,Ouvrir l'affichage client,
Open POS Shift,Ouvrir une session POS,
Open Shift,Ouvrir la session,
Open a shift before creating a return invoice.,Ouvrez une session avant de créer une facture de retour.,
Open customer display on second screen,Ouvrir l'affichage client sur le second écran,
Open this table for QR self-ordering? Customers will be able to scan a QR code and order directly from their phone.,Ouvrir cette table pour la commande QR ? Les clients pourront scanner un QR code et commander directement depuis leur téléphone.,
Opening,Ouverture,
Opening Amount,Montant d'ouverture,
Opening Balance (Optional),Solde d'ouverture (Facultatif),
Opening Balance Details,Détails du solde d'ouverture,
Opening Hours,Horaires d'ouverture,
Opening Stock,Stock d'ouverture,
Operations,Opérations,
Option Name,Nom de l'option,
Option group created,Groupe d'options créé,
Option group deleted,Groupe d'options supprimé,
Option name,Nom de l'option,
Optional,Facultatif,
Optional - leave empty for anonymous gift card,Optionnel - laisser vide pour une carte cadeau anonyme,
Optional cap in {0},Plafond optionnel en {0},
Optional minimum in {0},Minimum optionnel en {0},
"Optional: Assign gift card to a specific customer. If set, only this customer can use the gift card.","Optionnel : assigner la carte cadeau à un client spécifique. Si défini, seul ce client pourra utiliser la carte.",
Optional: use a specific card with takeaway prices,Optionnel : utiliser une carte spécifique avec les prix à emporter,
Options,Options,
Options saved,Options enregistrées,
Or specific items,Ou des articles spécifiques,
Order,Commande,
Order Summary,Récapitulatif de commande,
Order Total,Total de la commande,
Order Validation,Validation de commande,
Order confirmed!,Commande confirmée !,
Order paid,Commande payée,
Order sent!,Commande envoyée !,
Order validated,Commande validée,
Order {0},Commande {0},
Ordered,Commandé,
Original Amount,Montant original,
Original Gift Card,Carte cadeau originale,
Original gift card value when created,Valeur originale de la carte cadeau à la création,
Other,Autre,
Other cards keep their current prices.,Les autres cartes conservent leurs prix actuels.,
Out,Sortie,
Out of Stock,Rupture de stock,
Out of stock,Rupture de stock,
Outstanding,Solde dû,
Outstanding Balance,Solde impayé,
Outstanding Payments,Paiements en attente,
Outstanding:,Solde dû :,
Over {0},Excédent de {0},
Overdue,En retard,
Overdue ({0}),En retard ({0}),
Overlap Warning,Avertissement de chevauchement,
Overlapping reservations found. Force to override.,Réservations chevauchantes trouvées. Forcer pour passer outre.,
Overpayment,Trop-perçu,
"Overpayment is pre-filled as tip, server can adjust or cancel","Le trop-perçu est pré-rempli comme pourboire, le serveur peut ajuster ou annuler",
Override: this item follows a different workflow than its station. Leave empty to use the station's workflow.,Remplacement : cet article suit un flux de travail différent de sa station. Laisser vide pour utiliser le flux de la station.,
PARTIAL PAYMENT,PAIEMENT PARTIEL,
PDF Downloaded!,PDF téléchargé !,
PDF attached:,PDF joint :,
POS,POS,
POS Allowed Locale,Langue POS autorisée,
POS Barcode Rules,Règles de codes-barres POS,
POS Brands Detail,Détail des marques POS,
POS Cash Entry Template,Modèle d'écriture de caisse POS,
POS Closing Shift,Clôture de caisse,
POS Closing Shift <strong>already exists</strong> against {0} between selected period,La clôture de session POS <strong>existe déjà</strong> pour {0} durant la période sélectionnée,
POS Closing Shift Detail,Détail de clôture de caisse,
POS Closing Shift Taxes,Taxes de clôture de caisse,
POS Coupon,Coupon POS,
POS Coupon Detail,Détail du coupon POS,
POS Invoice that created this gift card,Facture POS qui a créé cette carte cadeau,
POS Offer,Offre POS,
POS Offer Detail,Détail de l'offre POS,
POS Opening Entry,Entrée d'ouverture POS,
POS Opening Entry is required,L'entrée d'ouverture POS est requise,
POS Opening Entry not found,Entrée d'ouverture POS introuvable,
POS Opening Shift,Ouverture de caisse,
POS Opening Shift Detail,Détail d'ouverture de caisse,
POS Payment Entry Reference,Référence d'entrée de paiement POS,
POS Payments,Paiements POS,
POS Profile,Profil de caisse,
POS Profile is required,Le profil POS est requis,
POS Profile is required to validate rate edit for item {0},Le profil POS est requis pour valider la modification de prix de l'article {0},
POS Profile not found,Profil POS non trouvé,
POS Profile {0} does not exist,Le profil POS {0} n'existe pas,
POS Profile {0} is missing company or currency,Le profil POS {0} n'a pas d'entreprise ou de devise configurée,
POS Profile {} does not belongs to company {},Le profil POS {} n'appartient pas à la société {},
POS Profile: {0},Profil POS : {0},
POS Settings,Paramètres POS,
POS Settings not found for profile {0}. Cannot validate rate edit.,Paramètres POS introuvables pour le profil {0}. Impossible de valider la modification de prix.,
POS Transactions,Transactions POS,
POS User,Utilisateur POS,
POS is offline without cached data. Please connect to sync.,Le POS est hors ligne sans données en cache. Veuillez vous connecter pour synchroniser.,
POS session is not open,La session POS n'est pas ouverte,
POSNext,POSNext,
POSNext Cashier,Caissier POSNext,
PRICING RULE,RÈGLE DE TARIFICATION,
PROMO SCHEME,OFFRE PROMOTIONNELLE,
PROVISIONAL TICKET,TICKET PROVISOIRE,
Paid,Payé,
Paid Amount,Montant payé,
Paid Amount:,Montant payé :,
Paid: {0},Payé : {0},
Paper Format,Format papier,
Partial,Partiel,
Partial Payment,Paiement partiel,
Partial Payments,Paiements partiels,
Partially Paid ({0}),Partiellement payé ({0}),
Partially Paid Invoice,Facture partiellement payée,
Partly Paid,Partiellement payé,
Password,Mot de passe,
Password is required,Le mot de passe est requis,
Pay,Payer,
Pay & Order,Payer et commander,
Pay on Account,Payer sur compte,
Pay {0},Payer {0},
Payer,Payeur,
Payment,Paiement,
Payment Entry,Écriture de paiement,
Payment Entry {0} allocated to invoice,Entrée de paiement {0} allouée à la facture,
Payment Entry {0} has insufficient unallocated amount,L'entrée de paiement {0} a un montant non alloué insuffisant,
Payment Entry {0} is not a valid customer advance,L'écriture de paiement {0} n'est pas une avance client valide,
Payment Entry {0} not found or not submitted,Écriture de paiement {0} introuvable ou non soumise,
Payment Error,Erreur de paiement,
Payment History,Historique des paiements,
Payment Method,Mode de paiement,
Payment Reconciliation,Rapprochement des paiements,
Payment Total:,Total du paiement :,
Payment account {0} does not exist,Le compte de paiement {0} n'existe pas,
Payment added successfully,Paiement ajouté avec succès,
Payment amount is correct,Le montant du paiement est correct,
Payment amount must be greater than zero,Le montant du paiement doit être supérieur à zéro,
Payment amount must be greater than zero.,Le montant du paiement doit être supérieur à zéro.,
Payment amount {0} exceeds outstanding amount {1},Le montant du paiement {0} dépasse le solde dû {1},
Payment cancelled,Paiement annulé,
Payment complete,Paiement terminé,
Payment date {0} cannot be before invoice date {1},La date de paiement {0} ne peut pas être antérieure à la date de facture {1},
Payment failed,Échec du paiement,
Payment must be completed before placing a takeaway order.,Le paiement doit être effectué avant de passer une commande à emporter.,
Payment received,Paiement reçu,
Payment successful!,Paiement réussi !,
Payment timeout. Please check the terminal.,Délai de paiement dépassé. Veuillez vérifier le terminal.,
Payment was cancelled or failed. Please try again.,Le paiement a été annulé ou a échoué. Veuillez réessayer.,
Payments,Paiements,
Payments and Cash Control Report,Rapport des paiements et contrôle de caisse,
Payments cannot be added while offline,Les paiements ne peuvent pas être ajoutés hors ligne,
Payments cannot be added while offline. Connect to the internet to add payments.,Les paiements ne peuvent pas être ajoutés hors ligne. Connectez-vous à Internet pour ajouter des paiements.,
Payments must be a list,Les paiements doivent être une liste,
Payments:,Paiements :,
Peak Hour,Heure de pointe,
Pending,En attente,
Percentage,Pourcentage,
Percentage (%),Pourcentage (%),
Performance Rating,Évaluation des performances,
Period End Date,Date de fin de période,
Period Start Date,Date de début de période,
Periodically sync stock quantities from server in the background (runs in Web Worker),Synchroniser périodiquement les quantités de stock depuis le serveur en arrière-plan (exécuté dans un Web Worker),
Permanent,Permanent,
Permanent (always available),Permanent (toujours disponible),
Permanent card created,Carte permanente créée,
Permanent items,Articles permanents,
Permanently delete all {0} draft invoices?,Supprimer définitivement les {0} factures brouillon ?,
Permanently delete this draft invoice?,Supprimer définitivement cette facture brouillon ?,
Permission Denied,Permission refusée,
Permission Required,Permission requise,
Permit duplicate customer names,Autoriser les noms de clients en double,
Pexels API key not configured,Clé API Pexels non configurée,
Phone,Téléphone,
Phone (optional),Téléphone (facultatif),
Phone number,Numéro de téléphone,
Phone number (optional),Numéro de téléphone (facultatif),
Photos provided by Pexels,Photos fournies par Pexels,
Picked Up,Récupéré,
Plan,Plan,
Please add items to cart before proceeding to payment,Veuillez ajouter des articles au panier avant de procéder au paiement,
Please ask your server to generate a new QR code.,Veuillez demander à votre serveur de générer un nouveau QR code.,
Please call us to make a reservation,Veuillez nous appeler pour réserver,
Please check your email to confirm the reservation,Veuillez vérifier votre e-mail pour confirmer la réservation,
Please check your email to confirm the reservation.,Veuillez vérifier votre e-mail pour confirmer la réservation.,
Please configure a default wallet account for company {0},Veuillez configurer un compte portefeuille par défaut pour la société {0},
Please confirm your reservation for {0} on {1} at {2} for {3} guests.,Veuillez confirmer votre réservation pour {0} le {1} à {2} pour {3} convives.,
Please contact your manager if you need to process this return.,Veuillez contacter votre responsable si vous devez traiter ce retour.,
Please enter a coupon code,Veuillez entrer un code coupon,
Please enter a coupon name,Veuillez entrer un nom de coupon,
Please enter a gift card code,Veuillez saisir un code de carte cadeau,
Please enter a promotion name,Veuillez entrer un nom de promotion,
Please enter a valid discount amount,Veuillez entrer un montant de remise valide,
Please enter a valid discount percentage (1-100),Veuillez entrer un pourcentage de remise valide (1-100),
Please enter a valid email address,Veuillez saisir une adresse e-mail valide,
Please enter all closing amounts,Veuillez saisir tous les montants de clôture,
Please find your invoice attached.,Veuillez trouver votre facture en pièce jointe.,
Please open a shift to start making sales,Veuillez ouvrir une session pour commencer à faire des ventes,
Please select a POS Profile to configure settings,Veuillez sélectionner un profil POS pour configurer les paramètres,
Please select a customer,Veuillez sélectionner un client,
Please select a customer before proceeding,Veuillez sélectionner un client avant de continuer,
Please select a customer for gift card,Veuillez sélectionner un client pour la carte cadeau,
Please select a discount type,Veuillez sélectionner un type de remise,
Please select at least one variant,Veuillez sélectionner au moins une variante,
Please set default Cash or Bank account in Mode of Payment {0} or set default accounts in Company {1},Veuillez définir un compte de caisse ou bancaire par défaut dans le mode de paiement {0} ou définir les comptes par défaut dans la société {1},
Please wait,Veuillez patienter,
Please wait while we clear your cached data,Veuillez patienter pendant que nous vidons vos données en cache,
Polling,Interrogation,
Pos Closing Shift,Clôture de caisse,
Pos Coupon,Coupon de caisse,
Pos Offer,Offre de caisse,
Pos Opening Shift,Ouverture de caisse,
Pos Profile,Profil de caisse,
Pos Settings,Paramètres de caisse,
Position X,Position X,
Position Y,Position Y,
Postal code,Code postal,
Posting Date,Date de comptabilisation,
Preferred Table,Table préférée,
Prep (min),Prép. (min),
Prep Time (min),Temps de préparation (min),
Preparation Display,Affichage préparation,
Preparation Station,Station de préparation,
Preparation Station Item,Article de station de préparation,
Preparation Station Item Group,Groupe d'articles de station de préparation,
Preparation Workflow,Flux de préparation,
Preparation Workflow Item,Article du flux de préparation,
Preparation Workflow Step,Étape du flux de préparation,
Preparation Workflows,Workflows de préparation,
"Preparation workflow for this station. If empty, the default workflow is used.","Flux de préparation pour cette station. Si vide, le flux par défaut est utilisé.",
Preparing,En préparation,
Previous,Précédent,
Price,Prix,
Price Adjustment,Ajustement de prix,
Price Alignment,Alignement des prix,
Price Discount Scheme ,Schéma de remise sur le prix ,
Price \u00B1,Prix \u00B1,
Price adjustment,Ajustement de prix,
Prices are now tax-exclusive. This will apply to new items added to cart.,Les prix sont maintenant hors taxes. Cela s'appliquera aux nouveaux articles ajoutés au panier.,
Prices are now tax-inclusive. This will apply to new items added to cart.,Les prix sont maintenant TTC. Cela s'appliquera aux nouveaux articles ajoutés au panier.,
Pricing & Discounts,Tarification et remises,
Pricing & Display,Tarification & affichage,
Pricing Error,Erreur de tarification,
Pricing Rule,Règle de tarification,
Primary Color,Couleur principale,
Print,Imprimer,
Print Invoice,Imprimer la facture,
Print Receipt,Imprimer le reçu,
Print draft,Imprimer le brouillon,
Print invoices before submission,Imprimer les factures avant la soumission,
Print provisional ticket,Imprimer le ticket provisoire,
Print without dialog,Imprimer sans boîte de dialogue,
Printer,Imprimante,
Printing,Impression,
Priority,Priorité,
Proceed to payment,Procéder au paiement,
Process Return,Traiter le retour,
Process return invoice,Traiter la facture de retour,
Process returns without invoice reference,Traiter les retours sans référence de facture,
Processing payment...,Traitement du paiement...,
Processing...,Traitement en cours...,
Product,Produit,
Product Discount Scheme,Schéma de remise produit,
Product Option,Option de produit,
Product Option Group,Groupe d'options de produit,
Product Option Group Item,Article du groupe d'options de produit,
Product Option Group Item Group,Groupe d'articles du groupe d'options de produit,
Product Options,Options produit,
Products,Produits,
Promo Type,Type de promotion,
Promotion & Coupon Management,Gestion des promotions et coupons,
Promotion Creation Failed,Échec de création de la promotion,
Promotion Deletion Failed,Échec de suppression de la promotion,
Promotion Name,Nom de la promotion,
Promotion Toggle Failed,Échec d'activation/désactivation de la promotion,
Promotion Update Failed,Échec de mise à jour de la promotion,
Promotion created successfully,Promotion créée avec succès,
Promotion deleted successfully,Promotion supprimée avec succès,
Promotion name is required,Le nom de la promotion est requis,
Promotion or Pricing Rule {0} not found,Promotion ou règle de tarification {0} non trouvée,
Promotion saved successfully,Promotion enregistrée avec succès,
Promotion status updated successfully,Statut de la promotion mis à jour avec succès,
Promotion updated successfully,Promotion mise à jour avec succès,
Promotion {0} created successfully,Promotion {0} créée avec succès,
Promotion {0} deleted successfully,Promotion {0} supprimée avec succès,
Promotion {0} updated successfully,Promotion {0} mise à jour avec succès,
Promotion {0} {1},Promotion {0} {1},
Promotional,Promotionnel,
Promotional Scheme,Règle promotionnelle,
Promotional Scheme {0} not found,Règle promotionnelle {0} non trouvée,
Promotional Schemes,Règles promotionnelles,
Promotions,Promotions,
Provisional Ticket,Ticket provisoire,
QR Code,QR Code,
QR Self-Ordering,Commande QR,
QZ Certificate Missing,Certificat QZ manquant,
QZ Certificate Ready,Certificat QZ prêt,
QZ Key Missing,Clé QZ manquante,
QZ Tray Connected,QZ Tray connecté,
QZ Tray Not Connected,QZ Tray non connecté,
"QZ Tray certificate generated successfully.<br><br>Download the certificate from POS Settings and import it into QZ Tray on each POS machine, then restart QZ Tray.","Certificat QZ Tray généré avec succès.<br><br>Téléchargez le certificat depuis les paramètres POS et importez-le dans QZ Tray sur chaque machine de caisse, puis redémarrez QZ Tray.",
QZ Tray certificate not found. Ask an administrator to run Setup QZ Certificate.,Certificat QZ Tray introuvable. Demandez à un administrateur de lancer la configuration du certificat QZ.,
QZ Tray must be installed and running on this computer. Download from,QZ Tray doit être installé et en marche sur cet ordinateur. Téléchargez-le depuis,
QZ Tray private key not found. Ask an administrator to run Setup QZ Certificate.,Clé privée QZ Tray introuvable. Demandez à un administrateur de lancer la configuration du certificat QZ.,
QZ certificate already exists.,Le certificat QZ existe déjà.,
QZ certificate generated successfully.,Certificat QZ généré avec succès.,
Qty,Qté,
Qty Sold,Qté vendue,
Qty: {0},Qté : {0},
Qualifying Transaction / Item,Transaction / article qualifiant,
Quality,Qualité,
Quantity,Quantité,
Quantity and Amount Conditions,Conditions de quantité et de montant,
Quantity locked (barcode item),Quantité verrouillée (article code-barres),
Quick amounts for {0},Montants rapides pour {0},
Rate,Taux,
Rate editing is disabled,La modification de prix est désactivée,
Rate editing is not allowed for this POS Profile,La modification de prix n'est pas autorisée pour ce profil POS,
Rate for item {0} must be greater than zero,Le prix de l'article {0} doit être supérieur à zéro,
Rate must be greater than zero,Le prix doit être supérieur à zéro,
Rate reduction for item {0} is {1}% which exceeds the maximum allowed discount of {2}%,La réduction de prix de l'article {0} est de {1}% ce qui dépasse la remise maximale autorisée de {2}%,
Rate reduction of {0}% exceeds maximum allowed discount of {1}%,La réduction de prix de {0}% dépasse la remise maximum autorisée de {1}%,
Rating,Note,
Read-only: Edit in Back Office,Lecture seule : Modifier dans le Back Office,
Ready,Prêt,
Ready Items,Articles prêts,
Real-time Customer Update Event Error,Erreur de mise à jour client en temps réel,
Real-time Invoice Created Event Error,Erreur d'événement de création de facture en temps réel,
Real-time POS Profile Update Event Error,Erreur d'événement de mise à jour du profil POS en temps réel,
Real-time Stock Update Event Error,Erreur d'événement de mise à jour du stock en temps réel,
Receivable account for customer wallets,Compte de créance pour les portefeuilles clients,
Recent & Frequent,Récents et fréquents,
Record Cash In,Enregistrer une entrée de caisse,
Record Cash Out,Enregistrer une sortie de caisse,
Referee Discount Amount is required,Le montant de remise du parrainé est requis,
Referee Discount Amount must be greater than 0,Le montant de remise du parrainé doit être supérieur à 0,
Referee Discount Percentage is required,Le pourcentage de remise du parrainé est requis,
Referee Discount Percentage must be between 0 and 100,Le pourcentage de remise du parrainé doit être entre 0 et 100,
Referee Discount Type is required,Le type de remise du parrainé est requis,
Referee Rewards (Discount for New Customer Using Code),Récompenses du filleul (remise pour le nouveau client utilisant le code),
Reference DocType,Type de document de référence,
Reference Name,Nom de référence,
Reference to original gift card if this was created from a split,Référence à la carte cadeau originale si celle-ci a été créée par fractionnement,
Referral Code,Code de parrainage,
Referral Code {0} not found,Code de parrainage {0} non trouvé,
Referral Name,Nom du parrainage,
Referral code applied successfully! You've received a welcome coupon.,Code de parrainage appliqué avec succès ! Vous avez reçu un coupon de bienvenue.,
Referrer Discount Amount is required,Le montant de remise du parrain est requis,
Referrer Discount Amount must be greater than 0,Le montant de remise du parrain doit être supérieur à 0,
Referrer Discount Percentage is required,Le pourcentage de remise du parrain est requis,
Referrer Discount Percentage must be between 0 and 100,Le pourcentage de remise du parrain doit être entre 0 et 100,
Referrer Discount Type is required,Le type de remise du parrain est requis,
Referrer Rewards (Gift Card for Customer Who Referred),Récompenses du parrain (carte cadeau pour le client qui a parrainé),
Refresh,Actualiser,
Refresh items and customers,Actualiser les articles et clients,
Refresh printer list,Actualiser la liste des imprimantes,
Refresh sales persons,Actualiser les vendeurs,
Refresh unavailable offline,Actualisation indisponible hors ligne,
Refreshing...,Actualisation...,
Refund,Remboursement,
Refund Payment Methods,Modes de paiement pour remboursement,
Refundable Amount:,Montant remboursable :,
Remaining,Restant,
Remaining Cash Balance,Solde de caisse restant,
Remaining after purchase,Solde restant après achat,
Remaining balance for next shift: {0},Solde restant pour la prochaine équipe : {0},
Remaining to collect,Reste à encaisser,
Remaining to pay on this table: {0},Reste à payer sur cette table : {0},
Remaining: {0},Reste : {0},
Remarks,Remarques,
Reminder Hours Before,Heures de rappel avant,
Reminder Sent,Rappel envoyé,
Reminder: Reservation today at {0},Rappel : Réservation aujourd'hui à {0},
Remove,Supprimer,
Remove all {0} items from cart?,Supprimer les {0} articles du panier ?,
Remove customer,Supprimer le client,
Remove item,Supprimer l'article,
Remove serial,Supprimer le numéro de série,
Remove {0},Supprimer {0},
Rename Area,Renommer la zone,
Rename area,Renommer la zone,
Reorder Level,Niveau de réapprovisionnement,
Replace Cheapest Item,Remplacer l'article le moins cher,
Replace Same Item,Remplacer le même article,
Report Guide,Guide du rapport,
Reports,Rapports,
Reprint the last invoice,Réimprimer la dernière facture,
Require Manager Validation for Online,Exiger la validation du responsable pour les paiements en ligne,
Required,Requis,
Required (must choose),Obligatoire (choix requis),
Required to receive your order,Requis pour recevoir votre commande,
Reservation,Réservation,
Reservation Cancelled - {0},Réservation annulée - {0},
Reservation Channels (one per line),Canaux de réservation (un par ligne),
Reservation Confirmed - {0},Réservation confirmée - {0},
Reservation Submitted!,Réservation soumise !,
Reservation cancelled,Réservation annulée,
Reservation confirmed,Réservation confirmée,
Reservation confirmed successfully,Réservation confirmée avec succès,
Reservation created,Réservation créée,
Reservation time {0} is outside opening hours for {1},L'heure de réservation {0} est en dehors des horaires d'ouverture pour {1},
Reservations,Réservations,
Reserve your table online,Réservez votre table en ligne,
Reserved,Réservé,
Reset zoom,Réinitialiser le zoom,
Restaurant,Restaurant,
Restaurant Area,Zone du restaurant,
Restaurant Card,Carte du restaurant,
Restaurant Card Item,Article de la carte du restaurant,
Restaurant Cards,Cartes restaurant,
Restaurant Menu,Menu du restaurant,
Restaurant Menu Course,Plat du menu du restaurant,
Restaurant Notification Email,E-mail de notification restaurant,
Restaurant Opening Hours,Heures d'ouverture du restaurant,
Restaurant Reservation,Réservation de restaurant,
Restaurant Reservation Table,Table de réservation restaurant,
Restaurant Settings,Paramètres restaurant,
Restaurant Table,Table de restaurant,
Restaurant Tip,Pourboire restaurant,
Restaurant mode disabled,Mode restaurant désactivé,
Restaurant mode enabled,Mode restaurant activé,
Resto,Resto,
Resume Shift,Reprendre la session,
Retry,Réessayer,
Return,Retour,
Return %,Retour %,
Return Against:,Retour contre :,
Return Allowed Within,Retour autorisé dans,
Return Amount,Montant du retour,
Return Invoice,Facture de retour,
Return Period Expired,Période de retour expirée,
Return Qty:,Qté retournée :,
Return Reason,Motif du retour,
Return Summary,Résumé du retour,
Return Validity Days,Jours de validité du retour,
Return Value:,Valeur de retour :,
Return against {0},Retour contre {0},
Return credit to wallet for {0} against {1}: {2},Crédit retourné au portefeuille pour {0} sur {1} : {2},
"Return invoice submitted successfully, but wallet reversal failed. Please contact administrator.","Facture de retour soumise avec succès, mais l'annulation du portefeuille a échoué. Veuillez contacter l'administrateur.",
Return invoice {0} created successfully,Facture de retour {0} créée avec succès,
Return invoices cannot be processed while offline. Please connect to the internet to search for invoices and create returns.,Les retours ne peuvent pas être traités hors ligne. Connectez-vous à Internet pour rechercher des factures et créer des retours.,
Return invoices will appear here,Les factures de retour apparaîtront ici,
Return period has expired,La période de retour a expiré,
Return period has expired. Invoice {0} was created {1} days ago. Returns are only allowed within {2} days of purchase.,La période de retour a expiré. La facture {0} a été créée il y a {1} jours. Les retours ne sont autorisés que dans les {2} jours suivant l'achat.,
Return submitted but wallet credit failed. Please contact administrator.,Retour soumis mais le crédit portefeuille a échoué. Veuillez contacter l'administrateur.,
Returns,Retours,
Round,Rond,
Rounding,Arrondi,
Row ID,ID de ligne,
Rule,Règle,
Runner,Runner,
Runner Display,Affichage Runner,
Runner is active. This will skip the Runner.,Le Runner est actif. Cela va court-circuiter le Runner.,
Runner is disabled,Le Runner est désactivé,
SVG filename in /assets/pos_next/icons/badges/,Nom du fichier SVG dans /assets/pos_next/icons/badges/,
Sale,Vente,
Sales,Ventes,
Sales Controls,Contrôles des ventes,
Sales Invoice,Facture de vente,
Sales Invoice Reference,Référence de facture de vente,
Sales Management,Gestion des ventes,
Sales Manager,Responsable des ventes,
Sales Master Manager,Gestionnaire des données de vente,
Sales Operations,Opérations de vente,
Sales Order,Commande client,
Sales Person,Vendeur,
Sales Persons,Vendeurs,
Sales Persons Selection,Sélection des vendeurs,
Sales Summary,Résumé des ventes,
Sales User,Utilisateur des ventes,
Sales Value,Valeur des ventes,
Sales by Payment Method,Ventes par mode de paiement,
Sales person is required,Le vendeur est requis,
Sales vs Shifts Report,Rapport ventes vs équipes,
Sales vs Shifts Report Guide,Guide du rapport Ventes vs Services,
Sales/Hr,Ventes/h,
Saturday,Samedi,
Save,Enregistrer,
Save Changes,Enregistrer les modifications,
Save Settings,Enregistrer les paramètres,
Save invoices as drafts to continue later,Enregistrer les factures en brouillon pour continuer plus tard,
Save these filters as...,Enregistrer ces filtres sous...,
Save to auto-create the TIP item and transit account (2211),Enregistrez pour créer automatiquement l'article TIP et le compte de transit (2211),
Saved Filters,Filtres enregistrés,
Saved!,Enregistré !,
Saving...,Enregistrement...,
Scanner ON - Enable Auto for automatic addition,Scanneur ACTIVÉ - Activez Auto pour l'ajout automatique,
Scheme,Règle,
Search,Rechercher,
Search Again,Rechercher à nouveau,
Search Food Images,Rechercher des images de plats,
Search Limit Number,Nombre limite de recherche,
Search and select a customer for the transaction,Rechercher et sélectionner un client pour la transaction,
Search by email: {0},Recherche par email : {0},
Search by invoice number or customer...,Rechercher par numéro de facture ou client...,
"Search by invoice, customer, or mobile...","Rechercher par facture, client ou mobile...",
"Search by item code, name, item group or scan barcode","Rechercher par code article, nom, groupe d'articles ou scanner un code-barres",
"Search by item name, code, or scan barcode","Rechercher par nom d'article, code ou scanner le code-barres",
Search by name or code...,Rechercher par nom ou code...,
Search by phone: {0},Recherche par téléphone : {0},
Search countries...,Rechercher des pays...,
Search country...,Rechercher un pays...,
Search coupons...,Rechercher des coupons...,
Search customer by name or mobile...,Rechercher un client par nom ou mobile...,
Search customer in cart,Rechercher un client dans le panier,
Search customers,Rechercher des clients,
"Search customers by name, mobile, or email...","Rechercher des clients par nom, mobile ou email...",
Search customers...,Rechercher des clients...,
Search for a dish...,Rechercher un plat...,
Search for an item,Rechercher un article,
Search for items across warehouses,Rechercher des articles dans tous les entrepôts,
Search in card...,Rechercher dans la carte...,
Search in menu...,Rechercher dans le menu...,
Search invoices...,Rechercher des factures...,
Search item group...,Rechercher un groupe d'articles...,
Search item groups...,Rechercher des groupes d'articles...,
Search item to add...,Rechercher un article à ajouter...,
Search item... (min 2 characters),Rechercher un article... (min 2 caractères),
Search items,Rechercher des articles,
Search items by name or code...,Rechercher des articles par nom ou code...,
Search items by name...,Rechercher des articles par nom...,
Search items...,Rechercher des articles...,
Search or add customer...,Rechercher ou ajouter un client...,
Search product to add...,Rechercher un produit à ajouter...,
Search products...,Rechercher des produits...,
Search promotions...,Rechercher des promotions...,
Search serial numbers...,Rechercher des numéros de série...,
Search templates...,Rechercher des modèles...,
Search unavailable offline,Recherche indisponible hors ligne,
Search...,Rechercher...,
Searching database...,Recherche en base de données...,
Searching...,Recherche en cours...,
Seated,Installé,
Seats,Places,
Second,Seconde,
Secondary Color,Couleur secondaire,
Seconds,Secondes,
Security,Sécurité,
See you soon!,À bientôt !,
Select,Sélectionner,
Select All,Tout sélectionner,
Select Batch Number,Sélectionner un numéro de lot,
Select Batch Numbers,Sélectionner des numéros de lot,
Select Brand,Sélectionner une marque,
Select Customer,Sélectionner un client,
Select Invoice to Return,Sélectionner une facture à retourner,
Select Item,Sélectionner un article,
Select Item Group,Sélectionner un groupe d'articles,
Select Item Variant,Sélectionner une variante d'article,
Select Items to Return,Sélectionner les articles à retourner,
Select Menu,Sélectionner un menu,
Select Operation,Sélectionner une opération,
Select POS Profile,Sélectionner un profil POS,
Select Serial Numbers,Sélectionner des numéros de série,
Select Table,Sélectionner une table,
Select Unit of Measure,Sélectionner une unité de mesure,
Select Variants,Sélectionner des variantes,
Select a Coupon,Sélectionner un coupon,
Select a Promotion,Sélectionner une promotion,
Select a card to edit,Sélectionnez une carte à modifier,
Select a card...,Sélectionnez une carte...,
Select a payment method,Sélectionner un mode de paiement,
Select a payment method to start,Sélectionner un mode de paiement pour commencer,
Select cards...,Sélectionnez des cartes...,
Select from existing sales orders,Sélectionner parmi les commandes client existantes,
Select items to send to kitchen,Sélectionnez les articles à envoyer en cuisine,
Select items to start or choose a quick action,Sélectionner des articles pour commencer ou choisir une action rapide,
"Select languages available in the POS language switcher. If empty, defaults to English and Arabic.","Sélectionner les langues disponibles dans le sélecteur de langue POS. Si vide, les langues par défaut sont l'anglais et l'arabe.",
Select method...,Sélectionner une méthode...,
Select option,Sélectionner une option,
Select sales person...,Sélectionnez un vendeur...,
Select the unit of measure for this item:,Sélectionner l'unité de mesure pour cet article :,
Select {0},Sélectionner {0},
Select...,Sélectionner...,
Selected,Sélectionné,
Selected POS Opening Shift should be open.,L'ouverture de session POS sélectionnée doit être ouverte.,
Selected tables are not available at the requested time,Les tables sélectionnées ne sont pas disponibles à l'heure demandée,
"Selected: {0} tables, {1} seats","Sélectionné : {0} tables, {1} places",
Selection Type,Type de sélection,
Selling Price List not set in POS Profile {0},Liste de prix de vente non définie dans le profil POS {0},
Selling Rate,Prix de vente,
Send,Envoyer,
Send Email,Envoyer l'e-mail,
Send Order,Envoyer la commande,
Send order,Envoyer la commande,
Send receipts directly to a thermal printer via QZ Tray (no browser dialog),Envoyer les reçus directement à une imprimante thermique via QZ Tray (sans boîte de dialogue),
Send reminder email this many hours before the reservation,Envoyer un e-mail de rappel ce nombre d'heures avant la réservation,
Send to Preparation,Envoyer en préparation,
Send to Preparation Stations,Envoyer aux postes de préparation,
Send to kitchen,Envoyer en cuisine,
Send to {0},Envoyer à {0},
"Send your order first, then pay here","Envoyez d'abord votre commande, puis payez ici",
Sent,Envoyé,
Serial No:,N° de série :,
Serial Numbers,Numéros de série,
Series,Série,
Server,Serveur,
Server Approval,Validation serveur,
Server Error,Erreur serveur,
Service,Service,
Service unavailable,Service indisponible,
Session Lock Timeout (minutes),Délai de verrouillage de session (minutes),
Session Locked,Session verrouillée,
Set Posting Date,Définir la date de comptabilisation,
Set Price,Définir le prix,
Set as default,Définir par défaut,
Set or retrieve the password on:,Définir ou récupérer le mot de passe sur :,
Set the new price on all cards that use this item.,Définir le nouveau prix sur toutes les cartes qui utilisent cet article.,
Settings,Paramètres,
Settings saved and warehouse updated. Reloading stock...,Paramètres enregistrés et entrepôt mis à jour. Rechargement du stock...,
Settings saved successfully,Paramètres enregistrés avec succès,
"Settings saved, warehouse updated, and tax mode changed. Cart will be recalculated.","Paramètres enregistrés, entrepôt mis à jour et mode de taxe modifié. Le panier sera recalculé.",
"Settings saved. Tax mode is now ""exclusive"". Cart will be recalculated.","Paramètres enregistrés. Le mode de taxe est maintenant ""exclusif"". Le panier sera recalculé.",
"Settings saved. Tax mode is now ""inclusive"". Cart will be recalculated.","Paramètres enregistrés. Le mode de taxe est maintenant ""inclusif"". Le panier sera recalculé.",
Shape,Forme,
Shift,Service,
Shift End,Fin de service,
Shift History,Historique des services,
Shift Hours,Heures de service,
Shift ID,ID du service,
Shift Management,Gestion des équipes,
Shift Open,Session ouverte,
Shift Open:,Session ouverte :,
Shift Start,Début de service,
Shift Status,Statut de la session,
Shift closed successfully,Session clôturée avec succès,
Shift is Open,La session est ouverte,
Shift is not open,Le service n'est pas ouvert,
Shift start,Début de session,
Shifts,Services,
Shifts Worked,Services effectués,
Short description of the item...,Description courte de l'article...,
Short description...,Description courte...,
Short {0},Déficit de {0},
Show Address Fields,Afficher les champs d'adresse,
Show Allergens/Badges,Afficher les allergènes/badges,
Show Customer Balance,Afficher le solde client,
Show Descriptions,Afficher les descriptions,
Show Item Images,Afficher les images des articles,
Show Product Options,Afficher les options produit,
Show QR Code,Afficher le QR Code,
Show Variants as Items,Afficher les variantes comme articles,
Show address fields in the customer creation form (both on display and in POS),Afficher les champs d'adresse dans le formulaire de création client (à l'écran et dans la caisse),
Show completed,Afficher les terminés,
Show delivery arrows,Afficher les flèches de livraison,
Show discount as percentage,Afficher la remise en pourcentage,
Show discount value,Afficher la valeur de la remise,
Show discounts as percentages,Afficher les remises en pourcentages,
Show exact totals without rounding,Afficher les totaux exacts sans arrondi,
Show item codes in the UI,Afficher les codes article dans l'interface,
"Show item variants directly in the item grid instead of their template items. When disabled, template items are shown and variants are selected via a variant selector.","Afficher les variantes d'articles directement dans la grille au lieu des articles modèles. Lorsque désactivé, les articles modèles sont affichés et les variantes sont sélectionnées via un sélecteur de variantes.",
Show items in card view by default,Afficher les articles en vue carte par défaut,
Show on Floor Plan,Afficher sur le plan de salle,
Show password,Afficher le mot de passe,
Show quantity input field,Afficher le champ de saisie de quantité,
Show this number when you pick up your order.,Présentez ce numéro lorsque vous récupérez votre commande.,
Sign Out,Déconnexion,
Sign Out Confirmation,Confirmation de déconnexion,
Sign Out Only,Se déconnecter uniquement,
Sign Out?,Se déconnecter ?,
Sign in,Se connecter,
Sign in to Neopos,Se connecter à Neopos,
Sign out,Se déconnecter,
Signing Out...,Déconnexion en cours...,
Signing in...,Connexion en cours...,
Signing out...,Déconnexion en cours...,
Silent Print,Impression silencieuse,
Silent Print Certificate,Certificat d'impression silencieuse,
Silent Print: Connected,Impression silencieuse : Connecté,
Silent Print: Disconnected,Impression silencieuse : Déconnecté,
Single,Simple,
Single choice,Choix unique,
Skip & Sign Out,Ignorer et se déconnecter,
Snooze for 7 days,Reporter de 7 jours,
Some data may not be available offline,Certaines données peuvent ne pas être disponibles hors ligne,
"Sorry, this coupon code does not exist","Désolé, ce code coupon n'existe pas",
"Sorry, this coupon code has been fully redeemed","Désolé, ce code coupon a été entièrement utilisé",
"Sorry, this coupon code has expired","Désolé, ce code coupon a expiré",
"Sorry, this coupon code's validity has not started","Désolé, la validité de ce code coupon n'a pas encore commencé",
"Sorry, this coupon has been disabled","Désolé, ce coupon a été désactivé",
"Sorry, this coupon is not valid for this company","Désolé, ce coupon n'est pas valide pour cette société",
"Sorry, this gift card has no remaining balance","Désolé, cette carte cadeau n'a plus de solde",
"Sorry, this gift card is assigned to a specific customer","Désolé, cette carte cadeau est attribuée à un client spécifique",
"Sorry, you have already used this coupon code","Désolé, vous avez déjà utilisé ce code coupon",
Sort,Trier,
Sort Cart,Trier le panier,
Sort Items,Trier les articles,
Sort Order,Ordre de tri,
Sort cart items,Trier les articles du panier,
Sort items,Trier les articles,
Sorted by {0} A-Z,Trié par {0} A-Z,
Sorted by {0} Z-A,Trié par {0} Z-A,
Source Account,Compte source,
Source Invoice,Facture source,
Source Type,Type de source,
Source account is required for wallet transaction,Le compte source est requis pour une transaction de portefeuille,
Special Instructions,Instructions spéciales,
Special Offer,Offre spéciale,
Special Requests,Demandes spéciales,
Special requests...,Demandes spéciales...,
Specific Items,Articles spécifiques,
Spice Level,Niveau d'épices,
Spice level,Niveau d'épices,
Spice level {0},Niveau de piquant {0},
Split Payment,Paiement fractionné,
Split the bill between multiple people,Partager l'addition entre plusieurs personnes,
Square,Carré,
Start,Début,
Start POS,Démarrer la caisse,
Start Sale,Démarrer la vente,
Start typing to see suggestions,Commencez à taper pour voir les suggestions,
Station Name,Nom du poste,
Station Type,Type de station,
Station added,Poste ajouté,
Station deleted,Poste supprimé,
Station updated,Poste mis à jour,
Status,Statut,
Status:,Statut :,
Status: {0},Statut : {0},
Step Name,Nom de l'étape,
Step name,Nom de l'étape,
Steps,Étapes,
Stock,Stock,
Stock Controls,Contrôles de stock,
Stock Lookup,Recherche de stock,
Stock Management,Gestion des stocks,
Stock Status,État du stock,
Stock Validation Policy,Politique de validation du stock,
Stock unit,Unité de stock,
Stock: {0},Stock : {0},
Street address,Adresse,
Style Theme,Thème de style,
Subject,Sujet,
Submit,Soumettre,
Submit invoices in background,Soumettre les factures en arrière-plan,
Submitting...,Soumission...,
Subtotal,Sous-total,
Subtotal (before tax),Sous-total (avant taxes),
Subtotal:,Sous-total :,
Success,Succès,
Suggested from last shift: {0},Suggéré de la dernière équipe : {0},
Suggested opening balance for next shift,Solde d'ouverture suggéré pour la prochaine équipe,
Summary,Résumé,
Sunday,Dimanche,
Switch Restaurant Mode?,Changer de mode restaurant ?,
Switch To Desk,Basculer vers le Bureau,
Switch to Edit mode to add tables,Passez en mode Édition pour ajouter des tables,
Switch to grid view,Passer en vue grille,
Switch to list view,Passer en vue liste,
Switched to {0}. Stock quantities refreshed.,Changé vers {0}. Quantités en stock actualisées.,
Sync All,Tout synchroniser,
Sync Delay (Hours),Délai de synchronisation (heures),
Sync Interval (seconds),Intervalle de synchronisation (secondes),
Sync Status,État de synchronisation,
Synced,Synchronisé,
Synced At,Synchronisé à,
Syncing,Synchronisation,
Syncing catalog in background... {0} items cached,Synchronisation du catalogue en arrière-plan... {0} articles en cache,
Syncing for offline...,Synchronisation hors ligne...,
Syncing: {0} items,Synchronisation : {0} articles,
System Manager,Gestionnaire du système,
System Test,Test système,
TAX INVOICE,FACTURE AVEC TVA,
TIP item and transit account will be created automatically when saved,L'article TIP et le compte de transit seront créés automatiquement à l'enregistrement,
TOTAL:,TOTAL :,
TVA,TVA,
Table,Table,
Table Name,Nom de la table,
Table added,Table ajoutée,
Table deleted,Table supprimée,
Table marked for cleaning,Table marquée pour nettoyage,
Table paid,Table payée,
Table ready for cleanup,Table prête pour le nettoyage,
Table updated,Table mise à jour,
Table {0} is not in Paid or Cleaning status,La table {0} n'est pas en statut Payé ou Nettoyage,
Table {0} not found,Table {0} introuvable,
Table {0} not found.,Table {0} introuvable.,
Table:,Table :,
Tables,Tables,
Tables {0} have overlapping reservations at the requested time,Les tables {0} ont des réservations chevauchantes à l'heure demandée,
Tabs,Onglets,
Takeaway,À emporter,
Takeaway Card,Carte à emporter,
Takeaway Menu,Menu à emporter,
Takeaway Order,Commande à emporter,
Takeaway Orders,Commandes à emporter,
Takeaway Web Ordering,Commande en ligne à emporter,
Takeaway web ordering is not enabled.,La commande en ligne à emporter n'est pas activée.,
Taken,Occupé,
Tax,Taxe,
Tax Collected,Taxes collectées,
Tax Configuration Error,Erreur de configuration de taxe,
Tax Inclusive,TTC (toutes taxes comprises),
Tax Summary,Récapitulatif des taxes,
Tax mode updated. Cart recalculated with new tax settings.,Mode de taxe mis à jour. Panier recalculé avec les nouveaux paramètres de taxe.,
Tax:,Taxe :,
Taxes,Taxes,
Taxes:,Taxes :,
Technical: {0},Technique : {0},
Template,Modèle,
Template Name,Nom du modèle,
Template has no accounts configured,Le modèle n'a aucun compte configuré,
Terminal,Terminal,
Terminal Payment,Paiement terminal,
Test Connection,Tester la connexion,
Thank You!,Merci !,
Thank you for your business!,Merci pour votre achat !,
Thank you for your visit!,Merci pour votre visite !,
"Thank you for your visit, we hope to see you again soon!","Merci pour votre visite, nous espérons vous revoir bientôt !",
Thank you!,Merci !,
The POS Opening Entry {0} is no longer open.,L'entrée d'ouverture POS {0} n'est plus ouverte.,
The coupon code you entered is not valid,Le code coupon que vous avez saisi n'est pas valide,
The customer received a cash refund for this return.,Le client a reçu un remboursement en espèces pour ce retour.,
The invoice will be partially paid. The remaining amount will need to be collected later.,La facture sera partiellement payée. Le montant restant devra être encaissé ultérieurement.,
The linked POS Invoice for this session,La facture POS liée pour cette session,
The menu card shown to guests who scan the QR code,La carte du menu affichée aux invités qui scannent le QR code,
The return amount was added to the customer credit balance. No cash refund was given.,Le montant du retour a été ajouté au solde crédit client. Aucun remboursement en espèces n'a été effectué.,
The return amount will be added to the customer credit balance. No cash refund will be given.,Le montant du retour sera ajouté au solde crédit client. Aucun remboursement en espèces ne sera effectué.,
There are items in the cart. Clear the cart and toggle restaurant mode?,Il y a des articles dans le panier. Vider le panier et changer de mode restaurant ?,
There are {0} occupied tables. Clear all orders and disable restaurant mode?,Il y a {0} tables occupées. Vider toutes les commandes et désactiver le mode restaurant ?,
These invoices will be submitted when you're back online,Ces factures seront soumises lorsque vous serez de retour en ligne,
This Month,Ce mois-ci,
This Week,Cette semaine,
This action cannot be undone.,Cette action ne peut pas être annulée.,
This card is not assigned to any time slot.,Cette carte n'est assignée à aucun créneau horaire.,
This card only,Cette carte uniquement,
This combination is not available,Cette combinaison n'est pas disponible,
This coupon has expired,Ce coupon a expiré,
This coupon has reached its usage limit,Ce coupon a atteint sa limite d'utilisation,
This coupon is not valid for this customer,Ce coupon n'est pas valide pour ce client,
This coupon is not yet valid,Ce coupon n'est pas encore valide,
This dialog has been open for over a minute. Please close the shift or close this dialog to resume the shift timer.,Cette boîte de dialogue est ouverte depuis plus d'une minute. Veuillez fermer le service ou fermer cette boîte de dialogue pour reprendre le chronomètre.,
This endpoint is only valid for takeaway sessions.,Ce point d'accès est valide uniquement pour les sessions à emporter.,
This gift card has no remaining balance,Cette carte cadeau n'a plus de solde,
This invoice cannot be returned because the return period has expired.,Cette facture ne peut pas être retournée car la période de retour a expiré.,
This invoice is currently being processed. Please wait.,Cette facture est en cours de traitement. Veuillez patienter.,
This invoice was paid on account (credit sale). The return will reverse the accounts receivable balance. No cash refund will be processed.,Cette facture a été payée sur compte (vente à crédit). Le retour annulera le solde des comptes clients. Aucun remboursement en espèces ne sera effectué.,
This invoice was partially paid. The refund will be split proportionally.,Cette facture a été partiellement payée. Le remboursement sera réparti proportionnellement.,
This invoice was sold on credit. The customer owes the full amount.,Cette facture a été vendue à crédit. Le client doit le montant total.,
"This is a reminder for your reservation today:

Name: {0}
Time: {1}
Guests: {2}","Ceci est un rappel pour votre réservation d'aujourd'hui :

Nom : {0}
Heure : {1}
Convives : {2}",
This is not a Neopos gift card,Ceci n'est pas une carte cadeau Neopos,
This item has no price. Please enter the selling price.,Cet article n'a pas de prix. Veuillez saisir le prix de vente.,
This item is out of stock in all warehouses,Cet article est en rupture de stock dans tous les entrepôts,
This item template &lt;strong&gt;{0}&lt;strong&gt; has no variants created yet.,Ce modèle d'article &lt;strong&gt;{0}&lt;strong&gt; n'a pas encore de variantes créées.,
This page will close automatically.,Cette page se fermera automatiquement.,
This referral code has been disabled,Ce code de parrainage a été désactivé,
This session has expired or is no longer active.,Cette session a expiré ou n'est plus active.,
This will also delete all associated pricing rules. This action cannot be undone.,Cela supprimera également toutes les règles de tarification associées. Cette action ne peut pas être annulée.,
"This will clear all cached items, customers, and stock data. Invoices and drafts will be preserved.","Cela supprimera tous les articles, clients et données de stock en cache. Les factures et brouillons seront préservés.",
Thursday,Jeudi,
Time,Heure,
Timed,Programmé,
Times Used,Nombre d'utilisations,
Timestamp: {0},Horodatage : {0},
Tip,Pourboire,
Tip (guest),Pourboire (invité),
Tip Account,Compte pourboires,
Tip Item,Article pourboire,
Tip Transit Account,Compte de transit pourboire,
Tip already paid,Pourboire déjà payé,
Tip amount,Montant du pourboire,
Tips,Pourboires,
Tips / Pourboires,Pourboires,
Title,Titre,
Title: {0},Titre : {0},
To,À,
To Date,Date de fin,
To create variants:,Pour créer des variantes :,
"To print without confirmation dialogs, generate a signing certificate and install it on each POS machine.","Pour imprimer sans boîte de dialogue, générez un certificat de signature et installez-le sur chaque machine POS.",
Today,Aujourd'hui,
Token,Jeton,
Token Expiry,Expiration du jeton,
Token Expiry (Days),Expiration du jeton (jours),
Token Expiry Mode,Mode d'expiration du jeton,
Too many attempts. Try again in {0} seconds.,Trop de tentatives. Réessayez dans {0} secondes.,
Too many requests. Please try again later.,Trop de requêtes. Veuillez réessayer plus tard.,
Too many search requests. Please wait a moment.,Trop de requêtes de recherche. Veuillez patienter un moment.,
Total,Total,
Total Actual,Total réel,
Total Amount,Montant total,
Total Available,Total disponible,
Total Closing,Total clôture,
Total Difference,Différence totale,
Total Expected,Total attendu,
Total Guests,Total convives,
Total Opening,Total ouverture,
Total Paid:,Total payé :,
Total Quantity,Quantité totale,
Total Referrals,Total des parrainages,
Total Refund:,Remboursement total :,
Total Reservations,Total réservations,
Total Sales,Ventes totales,
Total Tax Collected,Total des taxes collectées,
Total Variance,Écart total,
Total collected,Total encaissé,
Total must equal invoice amount,Le total doit être égal au montant de la facture,
Total payment amount {0} exceeds outstanding amount {1},Le montant total du paiement {0} dépasse le montant restant dû {1},
Total time,Temps total,
Total to Pay,Total à payer,
Total:,Total :,
Total: {0},Total : {0},
Total: {0}%,Total : {0}%,
Transaction,Transaction,
Transaction Type,Type de transaction,
Transactions,Transactions,
Transit account for tips (e.g. 2211),Compte de transit pour les pourboires (ex. 2211),
Try Again,Réessayer,
Try a different search term,Essayez un autre terme de recherche,
Try a different search term or check the invoice number,Essayez un autre terme de recherche ou vérifiez le numéro de facture,
Try a different search term or create a new customer,Essayez un autre terme de recherche ou créez un nouveau client,
Try again,Réessayer,
Tuesday,Mardi,
Type,Type,
Type to search items...,Tapez pour rechercher des articles...,
Type: {0},Type : {0},
UOM,Unité,
UOM locked (barcode item),UDM verrouillée (article code-barres),
Unable to connect to server. Check your internet connection.,Impossible de se connecter au serveur. Vérifiez votre connexion internet.,
Unable to load POS Profile {0},Impossible de charger le profil POS {0},
Unavailable,Indisponible,
Unit,Unité,
Unit changed to {0},Unité changée en {0},
Unit of Measure,Unité de mesure,
Unknown,Inconnu,
Unlimited,Illimité,
Unlock,Déverrouiller,
Unpaid,Impayé,
Unpaid ({0}),Impayé ({0}),
Until {0},Jusqu'au {0},
Update,Mettre à jour,
Update Global Price,Mettre à jour le prix global,
Update Item,Mettre à jour l'article,
Update the promotion details below,Mettez à jour les détails de la promotion ci-dessous,
Upload,Télécharger,
Urgent,Urgent,
Use Delivery Charges,Utiliser les frais de livraison,
Use Exact Amount for Non-Cash,Utiliser le montant exact pour le non-espèces,
Use Image,Utiliser l'image,
Use Limit Search,Utiliser la limite de recherche,
Use Percentage Discount,Utiliser la remise en pourcentage,
Use QTY Input,Utiliser la saisie de quantité,
Use Runner,Utiliser le Runner,
Used,Utilisé,
Used: {0},Utilisé : {0},
Used: {0}/{1},Utilisé : {0}/{1},
User,Utilisateur,
User ID / Email,Identifiant / E-mail,
User is disabled,L'utilisateur est désactivé,
User must have a company assigned,L'utilisateur doit avoir une société assignée,
User {} has been disabled. Please select valid user/cashier,L'utilisateur {} a été désactivé. Veuillez sélectionner un utilisateur/caissier valide,
User: {0},Utilisateur : {0},
Valid From,Valide à partir du,
Valid From date cannot be after Valid Until date,La date de début de validité ne peut pas être postérieure à la date de fin de validité,
Valid Until,Valide jusqu'au,
Valid Upto,Valide jusqu'au,
Valid until,Valide jusqu'au,
Validation Error,Erreur de validation,
Valider,Valider,
Validity & Usage,Validité et utilisation,
Validity (Months),Validité (mois),
Validity and Usage,Validité et utilisation,
Value,Valeur,
Velocity Rank,Rang de vélocité,
Verification Token,Jeton de vérification,
Verified,Vérifié,
Verifying...,Vérification...,
View,Voir,
View Details,Voir les détails,
View Shift,Voir la session,
View all available offers,Voir toutes les offres disponibles,
View and update coupon information,Voir et mettre à jour les informations du coupon,
View cart,Voir le panier,
View cart with {0} items,Voir le panier avec {0} articles,
View current shift details,Voir les détails de la session en cours,
View draft invoices,Voir les brouillons de factures,
View invoice history,Voir l'historique des factures,
View items,Voir les articles,
View pricing rule details (read-only),Voir les détails de la règle de tarification (lecture seule),
Waiting,En attente,
Waiting for items,En attente d'articles,
Waiting for payment on terminal...,En attente du paiement sur le terminal...,
Walk-in,Sans réservation,
Walk-in Customer,Client de passage,
Wall,Mur,
Wallee integration is not available on this instance.,L'intégration Wallee n'est pas disponible sur cette instance.,
Wallet,Portefeuille,
Wallet & Loyalty,Portefeuille & fidélité,
Wallet Account,Compte portefeuille,
Wallet Account must be a Receivable type account,Le compte portefeuille doit être un compte de type Créances,
Wallet Balance Error,Erreur de solde du portefeuille,
Wallet Credit: {0},Crédit portefeuille : {0},
Wallet Debit: {0},Débit portefeuille : {0},
Wallet Transaction,Transaction portefeuille,
Wallet is required,Le portefeuille est requis,
"Wallet reversal for return {0} against {1}: returned {2}, reversed {3}","Annulation portefeuille pour le retour {0} sur {1} : retourné {2}, annulé {3}",
Wallet {0} does not have an account configured,Le portefeuille {0} n'a pas de compte configuré,
Wallet {0} is not active,Le portefeuille {0} n'est pas actif,
Warehouse,Entrepôt,
Warehouse Selection,Sélection d'entrepôt,
Warehouse is required,L'entrepôt est requis,
Warehouse not set,Entrepôt non défini,
Warehouse not set in POS Profile {0},Entrepôt non défini dans le profil POS {0},
Warehouse updated but failed to reload stock. Please refresh manually.,Entrepôt mis à jour mais échec du rechargement du stock. Veuillez actualiser manuellement.,
Warehouse updated successfully,Entrepôt mis à jour avec succès,
"Warehouse {0} belongs to {1}, but POS Profile belongs to {2}","L'entrepôt {0} appartient à {1}, mais le profil POS appartient à {2}",
Warehouse {0} is disabled,L'entrepôt {0} est désactivé,
Warning: Some credit journal entries may not have been cancelled. Please check manually.,Avertissement : Certaines écritures de crédit n'ont peut-être pas été annulées. Veuillez vérifier manuellement.,
Website Manager,Gestionnaire du site web,
Wednesday,Mercredi,
Welcome,Bienvenue,
Welcome to Neopos,Bienvenue sur Neopos,
Welcome to Neopos!,Bienvenue sur Neopos !,
Welcome! Please place your order at the counter.,Bienvenue ! Veuillez passer votre commande au comptoir.,
"When enabled, POS will start in restaurant mode by default","Lorsque activé, la caisse démarrera en mode restaurant par défaut",
"When enabled, displayed prices include tax. When disabled, tax is calculated separately. Changes apply immediately to your cart when you save.","Lorsqu'activé, les prix affichés incluent les taxes. Lorsque désactivé, les taxes sont calculées séparément. Les modifications s'appliquent immédiatement à votre panier lors de l'enregistrement.",
"When enabled, non-cash payments (card, bank transfer) require exact amount. Cash payments can still have change. Cannot be used with Credit Sale or Partial Payment.","Lorsque activé, les paiements non-espèces (carte, virement) nécessitent le montant exact. Les paiements en espèces peuvent toujours avoir de la monnaie. Ne peut pas être utilisé avec la vente à crédit ou le paiement partiel.",
"When gift card amount exceeds invoice total, keep the remaining balance on the card for future use.","Lorsque le montant de la carte cadeau dépasse le total de la facture, conserver le solde restant sur la carte pour une utilisation future.",
"When set, cashiers can withdraw cash at closing. The remaining balance is suggested as the next opening amount.","Lorsque défini, les caissiers peuvent retirer des espèces à la clôture. Le solde restant est suggéré comme montant d'ouverture suivant.",
Where to find the password?,Où trouver le mot de passe ?,
Whether guest orders go straight to kitchen or need server confirmation,Si les commandes invités vont directement en cuisine ou nécessitent la validation du serveur,
Width,Largeur,
Width (mm),Largeur (mm),
Will apply when eligible,S'appliquera si éligible,
Window,Fenêtre,
Withdraw,Retirer,
Withdraw cash from the register. The remaining amount will be suggested as opening balance for the next shift.,Retirer des espèces de la caisse. Le montant restant sera suggéré comme solde d'ouverture pour le prochain service.,
Withdrawal amount cannot exceed the counted cash amount.,Le montant du retrait ne peut pas dépasser le montant d'espèces compté.,
Withdrawal template has no accounts configured,Le modèle de retrait n'a aucun compte configuré,
Workflow,Workflow,
Workflow Name,Nom du flux de travail,
Workflow Override,Remplacement du flux de travail,
Workflow Steps,Étapes du flux de travail,
Workflow created,Workflow créé,
Workflow deleted,Workflow supprimé,
Workflow name (e.g. Fast Bar),Nom du workflow (ex. Bar rapide),
Workflow saved,Workflow enregistré,
Workflow {0} is already set as default. Only one default workflow is allowed.,Le workflow {0} est déjà défini par défaut. Un seul workflow par défaut est autorisé.,
Workflows,Workflows,
Write Off,Perte/Écart,
Write Off Change,Passer en pertes la monnaie,
Write off small change amounts,Passer en pertes les petits montants de monnaie,
Write-off amount {0} exceeds limit {1},Le montant de perte {0} dépasse la limite {1},
"Yes, select","Oui, sélectionner",
"Yes, update all cards","Oui, mettre à jour toutes les cartes",
Yesterday,Hier,
You already have an open shift: {0},Vous avez déjà une session ouverte : {0},
You are disabling this item. Apply to all cards or just this one?,Vous désactivez cet article. Appliquer à toutes les cartes ou celle-ci uniquement ?,
You are enabling this item. Apply to all cards or just this one?,Vous activez cet article. Appliquer à toutes les cartes ou celle-ci uniquement ?,
You are offline,Vous êtes hors ligne,
You are trying to return more quantity for item {0} than was sold.,Vous essayez de retourner une quantité supérieure à celle vendue pour l'article {0}.,
"You can filter by either Item Group or Brand, not both at the same time.","Vous pouvez filtrer par groupe d'articles ou par marque, mais pas les deux en même temps.",
You can now start making sales,Vous pouvez maintenant commencer à faire des ventes,
You changed the global price. Do you also want to update the price on all other cards that use this item?,Vous avez changé le prix global. Souhaitez-vous aussi mettre à jour le prix sur toutes les autres cartes utilisant cet article ?,
You don't have access to this POS Profile,Vous n'avez pas accès à ce profil POS,
You don't have permission to add payments to this invoice,Vous n'avez pas la permission d'ajouter des paiements à cette facture,
You don't have permission to create coupons,Vous n'avez pas la permission de créer des coupons,
You don't have permission to create customers,Vous n'avez pas la permission de créer des clients,
You don't have permission to create customers. Contact your administrator.,Vous n'avez pas la permission de créer des clients. Contactez votre administrateur.,
You don't have permission to create items,Vous n'avez pas la permission de créer des articles,
You don't have permission to create or modify promotions,Vous n'avez pas la permission de créer ou modifier des promotions,
You don't have permission to create promotions,Vous n'avez pas la permission de créer des promotions,
You don't have permission to delete promotions,Vous n'avez pas la permission de supprimer des promotions,
You don't have permission to email this invoice,Vous n'avez pas la permission d'envoyer cette facture par e-mail,
You don't have permission to update this POS Profile,Vous n'avez pas la permission de mettre à jour ce profil POS,
You don't have permission to view promotions,Vous n'avez pas la permission de voir les promotions,
You don't have permission to view this invoice,Vous n'avez pas la permission de voir cette facture,
You have already used this referral code,Vous avez déjà utilisé ce code de parrainage,
You have an active shift open. Would you like to:,Vous avez une session active ouverte. Souhaitez-vous :,
You have an open shift. Would you like to resume it or close it and open a new one?,Vous avez une session ouverte. Souhaitez-vous la reprendre ou la fermer et en ouvrir une nouvelle ?,
You have less than expected.,Vous avez moins que prévu.,
You have more than expected.,Vous avez plus que prévu.,
You have unsaved changes. Do you want to save before leaving?,Vous avez des modifications non enregistrées. Voulez-vous enregistrer avant de quitter ?,
You need to open a shift before you can start making sales.,Vous devez ouvrir une session avant de pouvoir commencer à vendre.,
You will be logged out of Neopos,Vous serez déconnecté de Neopos,
You will be redirected to the Neoffice back-office.,Vous allez être redirigé vers le back-office Neoffice.,
Your Name,Votre nom,
Your Order,Votre commande,
Your Shift is Still Open!,Votre session est toujours ouverte !,
Your cart doesn't meet the requirements for this offer.,Votre panier ne remplit pas les conditions de cette offre.,
Your cart is empty,Votre panier est vide,
Your details,Vos coordonnées,
Your items will appear here as they are scanned,Vos articles apparaîtront ici au fur et à mesure du scan,
Your name,Votre nom,
Your order has been sent to the kitchen. You can continue browsing the menu.,Votre commande a été envoyée en cuisine. Vous pouvez continuer à parcourir le menu.,
Your order number,Votre numéro de commande,
Your payment has been recorded.,Votre paiement a été enregistré.,
Your payment of {0} has been recorded.,Votre paiement de {0} a été enregistré.,
Your point of sale system is ready to use.,Votre système de point de vente est prêt à l'emploi.,
"Your reservation has been cancelled:

Name: {0}
Date: {1}
Time: {2}","Votre réservation a été annulée :

Nom : {0}
Date : {1}
Heure : {2}",
"Your reservation has been confirmed:

Name: {0}
Date: {1}
Time: {2}
Guests: {3}","Votre réservation a été confirmée :

Nom : {0}
Date : {1}
Heure : {2}
Convives : {3}",
Zoom in,Zoomer,
Zoom out,Dézoomer,
ardoise,ardoise,
articles,articles,
at,à,
bistrot,bistrot,
comm.,comm.,
courses,formules,
courses selected,formules sélectionnées,
days,jours,
default,par défaut,
discount ({0}),remise ({0}),
dotted,pointillé,
"e.g. ""Summer Holiday 2019 Offer 20""","ex. ""Offre vacances d'été 2019 - 20""",
e.g. All our products are fresh,ex. Tous nos produits sont frais,
e.g. Bank deposit ref #123,ex. Réf. dépôt bancaire #123,
"e.g. Desserts, Boissons...","ex. Desserts, Boissons...",
"e.g. Kitchen, Bar","ex. Cuisine, Bar",
e.g. Main Hall,ex. Salle principale,
e.g. Pizza 4 fromages,ex. Pizza 4 fromages,
e.g. Table 5,ex. Table 5,
"e.g., 20",ex. 20,
"e.g., Summer Sale 2025",ex. Soldes d'été 2025,
"e.g., Summer Sale Coupon 2025",ex. Coupon soldes d'été 2025,
elegant,élégant,
fewer seats than guests,moins de places que de convives,
guests,convives,
in 1 warehouse,dans 1 entrepôt,
in {0} warehouses,dans {0} entrepôts,
incl. {0} tax,incl. {0} taxe,
inline,en ligne,
item,article,
items,articles,
items cached,articles en cache,
max,max,
modern,moderne,
of {0},sur {0},
of {0},sur {0},
optional,optionnel,
or,ou,
p,p,
per {0},par {0},
person,personne,
pts,pts,
restaurant,restaurant,
right,droite,
takeaway,à emporter,
tips,pourboires,
today,aujourd'hui,
unique e.g. SAVE20  To be used to get discount,unique ex. SAVE20  À utiliser pour obtenir une remise,
variant,variante,
variants,variantes,
your@email.com,votre@email.com,
{0} ({1}) added to cart,{0} ({1}) ajouté au panier,
{0} OFF,{0} de réduction,
{0} Pending Invoice(s),{0} facture(s) en attente,
{0} added to cart,{0} ajouté au panier,
{0} and {1} are mandatory,{0} et {1} sont obligatoires,
{0} applied successfully,{0} appliqué avec succès,
{0} created and selected,{0} créé et sélectionné,
{0} entries,{0} entrées,
{0} failed,{0} échoué,
{0} free item(s) included,{0} article(s) gratuit(s) inclus,
{0} gift cards have been created,{0} cartes cadeaux ont été créées,
{0} hours ago,il y a {0} heures,
{0} invoice - {1} outstanding,{0} facture - {1} en attente,
{0} invoice(s) failed to sync,{0} facture(s) n'ont pas pu être synchronisée(s),
{0} invoice(s) synced successfully,{0} facture(s) synchronisée(s) avec succès,
{0} invoices,{0} factures,
{0} invoices - {1} outstanding,{0} factures - {1} en attente,
{0} is mandatory,{0} est obligatoire,
{0} item(s),{0} article(s),
{0} item(s) selected,{0} article(s) sélectionné(s),
{0} items,{0} articles,
{0} items found,{0} articles trouvés,
{0} minutes ago,il y a {0} minutes,
{0} of {1} customers,{0} sur {1} clients,
{0} off {1},{0} de réduction sur {1},
{0} paid,{0} payé,
{0} payments,{0} paiements,
{0} reserved,{0} réservé(s),
{0} returns,{0} retours,
{0} selected,{0} sélectionné(s),
{0} settings applied immediately,{0} paramètres appliqués immédiatement,
{0} updated,{0} mis à jour,
{0} {1} {2}h {3}m,{0} {1} {2}h {3}m,
{0}% OFF,{0}% de réduction,
{0}% off {1},{0}% de réduction sur {1},
{0}: maximum {1},{0} : maximum {1},
{0}h {1}m,{0}h {1}m,
{0}m,{0}m,
{0}m ago,il y a {0}m,
{0}s ago,il y a {0}s,
~15 KB per sync cycle,~15 Ko par cycle de synchronisation,
~{0} MB per hour,~{0} Mo par heure,
"• Use ↑↓ to navigate, Enter to select","• Utilisez ↑↓ pour naviguer, Entrée pour sélectionner",
⚠️ Payment total must equal refund amount,⚠️ Le total du paiement doit égaler le montant du remboursement,
⚠️ Payment total must equal refundable amount,⚠️ Le total du paiement doit égaler le montant remboursable,
⚠️ {0} already returned,⚠️ {0} déjà retourné,
✓ Balanced,✓ Équilibré,
✓ Connection successful: {0},✓ Connexion réussie : {0},
✓ Shift Closed,✓ Session fermée,
✓ Shift closed successfully,✓ Session fermée avec succès,
✗ Connection failed: {0},✗ Échec de la connexion : {0},
POS Legacy,POS historique,
